# ************************************************************
# Sequel Pro SQL dump
# Version 4541
#
# http://www.sequelpro.com/
# https://github.com/sequelpro/sequelpro
#
# Host: 127.0.0.1 (MySQL 5.6.14)
# Database: twinkle
# Generation Time: 2017-07-11 16:16:52 +0000
# ************************************************************


/*!40101 SET @OLD_CHARACTER_SET_CLIENT=@@CHARACTER_SET_CLIENT */;
/*!40101 SET @OLD_CHARACTER_SET_RESULTS=@@CHARACTER_SET_RESULTS */;
/*!40101 SET @OLD_COLLATION_CONNECTION=@@COLLATION_CONNECTION */;
/*!40101 SET NAMES utf8 */;
/*!40014 SET @OLD_FOREIGN_KEY_CHECKS=@@FOREIGN_KEY_CHECKS, FOREIGN_KEY_CHECKS=0 */;
/*!40101 SET @OLD_SQL_MODE=@@SQL_MODE, SQL_MODE='NO_AUTO_VALUE_ON_ZERO' */;
/*!40111 SET @OLD_SQL_NOTES=@@SQL_NOTES, SQL_NOTES=0 */;


# Dump of table content_chat_subjects
# ------------------------------------------------------------

DROP TABLE IF EXISTS `content_chat_subjects`;

CREATE TABLE `content_chat_subjects` (
  `id` int(11) unsigned NOT NULL AUTO_INCREMENT,
  `channelId` int(11) DEFAULT NULL,
  `userId` int(11) DEFAULT NULL,
  `content` varchar(200) COLLATE utf8mb4_unicode_ci DEFAULT NULL,
  `timeStamp` bigint(11) DEFAULT NULL,
  `reloadedBy` int(11) DEFAULT NULL,
  `reloadTimeStamp` bigint(11) DEFAULT NULL,
  PRIMARY KEY (`id`)
) ENGINE=InnoDB DEFAULT CHARSET=utf8mb4 COLLATE=utf8mb4_unicode_ci;

LOCK TABLES `content_chat_subjects` WRITE;
/*!40000 ALTER TABLE `content_chat_subjects` DISABLE KEYS */;

INSERT INTO `content_chat_subjects` (`id`, `channelId`, `userId`, `content`, `timeStamp`, `reloadedBy`, `reloadTimeStamp`)
VALUES
	(72,2,5,'What\'s your favorite spiderman movie?',1499568013,5,1499669466),
	(73,2,5,'What\'s going on?',1499568044,5,1499572157),
	(74,2,5,'How old are you?',1499582422,5,1499669551),
	(75,2,218,'What is hypixel?',1499669457,NULL,NULL),
	(76,2,218,'When\'s your birthday?',1499669530,NULL,NULL),
	(77,2,218,'Where were you born?',1499747158,NULL,NULL),
	(78,2,218,'What is your favorite pastime?',1499747183,NULL,NULL),
	(79,2,218,'What is your favorite animal?',1499747197,NULL,NULL),
	(80,2,218,'When were you born?',1499747207,NULL,NULL),
	(81,2,215,'Who is your favorite actor/actress?',1499747246,NULL,NULL),
	(82,2,215,'Where are you from?',1499747283,NULL,NULL),
	(83,2,5,'Which is your favorite website?',1499747350,NULL,NULL),
	(84,2,5,'What makes something true?',1499747423,NULL,NULL),
	(85,2,5,'What do you do when you are happy?',1499747439,NULL,NULL),
	(86,2,5,'What do you do when you are sad?',1499747445,NULL,NULL),
	(87,2,5,'What makes you happy?',1499747455,NULL,NULL),
	(88,2,5,'What makes you sad?',1499747461,NULL,NULL),
	(89,2,218,'What\'s your best friend\'s name?',1499747487,NULL,NULL),
	(90,2,218,'How many foreigner friends do you have?',1499747502,NULL,NULL),
	(91,2,218,'What is your favorite videogame?',1499747511,NULL,NULL),
	(92,2,218,'If you could travel anywhere in the world where would you go?',1499747622,NULL,NULL),
	(93,2,215,'What time do you usually get up in the morning?',1499747664,NULL,NULL),
	(94,2,5,'What is the maximum number of characters you can enter into this subject input box? Does anyone know',1499780857,NULL,NULL),
	(95,2,5,'What is minecraft & how do you install it?',1499789061,NULL,NULL);

/*!40000 ALTER TABLE `content_chat_subjects` ENABLE KEYS */;
UNLOCK TABLES;


# Dump of table content_comments
# ------------------------------------------------------------

DROP TABLE IF EXISTS `content_comments`;

CREATE TABLE `content_comments` (
  `id` int(11) unsigned NOT NULL AUTO_INCREMENT,
  `userId` int(11) DEFAULT NULL,
  `rootType` varchar(11) CHARACTER SET utf8 DEFAULT NULL,
  `rootId` int(11) DEFAULT NULL,
  `content` longtext,
  `timeStamp` bigint(11) DEFAULT NULL,
  `commentId` int(11) DEFAULT NULL,
  `replyId` int(11) DEFAULT NULL,
  `discussionId` int(11) DEFAULT NULL,
  PRIMARY KEY (`id`)
) ENGINE=InnoDB DEFAULT CHARSET=utf8mb4;

LOCK TABLES `content_comments` WRITE;
/*!40000 ALTER TABLE `content_comments` DISABLE KEYS */;

INSERT INTO `content_comments` (`id`, `userId`, `rootType`, `rootId`, `content`, `timeStamp`, `commentId`, `replyId`, `discussionId`)
VALUES
	(2,5,'video',1,'This is the first comment!',1475587469,NULL,NULL,NULL),
	(586,205,'video',30,'comment number 586',1479792644,NULL,NULL,NULL),
	(593,205,'video',30,'one',1479793901,586,NULL,NULL),
	(594,205,'video',30,'two',1479793904,586,NULL,NULL),
	(595,205,'video',30,'three',1479793907,586,NULL,NULL),
	(596,205,'video',30,'four',1479793946,586,NULL,NULL),
	(597,205,'video',30,'five',1479809439,586,NULL,NULL),
	(598,205,'video',30,'six',1479809442,586,NULL,NULL),
	(599,205,'video',30,'seven',1479809449,586,NULL,NULL),
	(600,205,'video',30,'eight',1479809454,586,NULL,NULL),
	(601,205,'video',30,'nine',1479809457,586,NULL,NULL),
	(602,205,'video',30,'ten',1479809460,586,NULL,NULL),
	(603,205,'video',30,'eleven',1479809463,586,NULL,NULL),
	(604,205,'video',30,'twelve',1479809466,586,NULL,NULL),
	(605,205,'video',30,'test',1479816660,NULL,NULL,16),
	(606,205,'video',30,'one',1479816663,605,NULL,16),
	(607,205,'video',30,'two',1479816672,605,NULL,16),
	(608,205,'video',30,'three',1479816674,605,NULL,16),
	(609,205,'video',30,'four',1479816677,605,NULL,16),
	(610,205,'video',30,'another',1479816691,NULL,NULL,16),
	(619,205,'video',31,'i can play this all day long',1480002885,NULL,NULL,NULL),
	(620,5,'video',31,'tes',1480036622,619,NULL,NULL),
	(621,5,'video',33,'comment',1480038879,NULL,NULL,NULL),
	(622,5,'video',33,'reply',1480038883,621,NULL,NULL),
	(650,205,'video',53,'hi!!',1481032132,NULL,NULL,23),
	(651,205,'video',53,'hey...',1481032144,650,NULL,23),
	(694,5,'video',53,'hello!',1482152339,NULL,NULL,23),
	(695,5,'video',53,'huh???',1482647691,NULL,NULL,25),
	(696,5,'video',53,'yeah',1482647735,NULL,NULL,23),
	(722,5,'video',53,'hello',1483019820,696,NULL,23),
	(723,5,'video',53,'yeah!!',1483019832,696,NULL,23),
	(724,5,'video',53,'hello',1483067113,696,NULL,23),
	(725,5,'video',53,'hello!!',1483067123,696,723,23),
	(726,5,'video',53,'yolo!',1483067143,696,722,23),
	(727,5,'video',53,'hoho!!',1483067154,696,725,23),
	(728,5,'video',53,'what......',1483067539,696,NULL,23),
	(750,222,'video',65,'fdsaf/?',1484931493,NULL,NULL,NULL),
	(751,222,'video',62,'hi?',1484931532,NULL,NULL,NULL),
	(754,5,'video',62,'test',1485706265,751,NULL,NULL),
	(755,5,'video',62,'test',1485706630,NULL,NULL,28),
	(756,5,'video',62,'test',1485706633,755,NULL,28),
	(758,5,'video',67,'fdsaf',1485707049,757,NULL,NULL),
	(760,5,'video',67,'fdsaf',1485707068,757,758,NULL),
	(765,5,'video',67,'test',1485707661,NULL,NULL,NULL),
	(766,5,'video',67,'test',1485707663,765,NULL,NULL),
	(767,5,'video',67,'test',1485707667,765,766,NULL),
	(768,5,'video',67,'test',1485707811,765,766,NULL),
	(769,5,'video',67,'test',1485708385,765,NULL,NULL),
	(770,5,'video',67,'test',1485708393,765,766,NULL),
	(771,5,'video',67,'test',1485708558,765,770,NULL),
	(772,5,'video',67,'test',1485708618,765,771,NULL),
	(773,5,'video',67,'testtest',1485708743,765,772,NULL),
	(774,5,'video',67,'testes',1485708747,765,773,NULL),
	(775,5,'video',62,'testes',1485708762,755,756,28),
	(776,5,'video',62,'testes',1485708823,755,756,28),
	(777,5,'video',62,'test',1485709078,755,775,28),
	(778,5,'video',62,'yea it looks right',1485735483,NULL,NULL,29),
	(779,5,'video',68,'this one is easy! ? ',1485827611,NULL,NULL,NULL),
	(780,5,'video',67,'hi there',1485828173,NULL,NULL,30),
	(781,5,'video',67,'hey',1485828180,780,NULL,30),
	(782,5,'video',67,'hihi',1485828639,780,NULL,30),
	(783,5,'video',67,'Where are you from?',1485828652,780,NULL,30),
	(838,5,'video',67,'test',1485865378,780,783,30),
	(839,5,'video',68,'4 replies?',1485865394,779,NULL,NULL),
	(840,5,'video',68,'test1',1485865405,779,839,NULL),
	(841,5,'video',68,'test2',1485865637,779,839,NULL),
	(842,5,'video',68,'test',1485865642,779,840,NULL),
	(843,5,'video',68,'test3',1485865691,779,839,NULL),
	(844,5,'video',68,'tesafds',1485865704,779,839,NULL),
	(847,5,'video',68,'I don`t like it toooooooooooooooooooooooooooooooooooooooooooooooooooooooooooooooooooooooooooooooooooooooooooooooooooooooooooooooooooooooooooooooooooooooooooooooooooooooooooooooooooooooooooooooooooooooooooooooooooooooooooooooooooooooooooooooooooooooooooooooooooooooooooooooooooooooooooooooooooooooooooooooooooooooooooooooooooooooooooooooooooooooooooooooooooooooooooooooooooooooooooooooooooooooooooooooooooooooooooooooooooooooooooooooooooooooooooooooooooooooooooooooooooooooooooooooooooooooooooooooooooooooooooooooooooooooooooooooooooooooooooooooooooooooooooooooooooooooooooooooooooooooooooooooooooooooooooooooooooooooooooooooooooooooooooooooooooooooooooooooooooooooooooooooooooooooooooooooooooooooooooooooooooooooooooooooooooooooooooooooooooooooooooooooooooooooooooooooooooooooooooooooooooooooooooooooooooooooooooooooooooooooooooo<br><br><a href=\"http://www.twin-kle.com/videos/1239\" target=\"_blank\">http://www.twin-kle.com/videos/1239</a>',1485865767,NULL,NULL,31),
	(848,5,'video',68,'test',1485865769,847,NULL,31),
	(849,5,'video',68,'test',1485865773,847,848,31),
	(850,5,'video',68,'I don`t like it toooooooooooooooooooooooooooooooooooooooooooooooooooooooooooooooooooooooooooooooooooooooooooooooooooooooooooooooooooooooooooooooooooooooooooooooooooooooooooooooooooooooooooooooooooooooooooooooooooooooooooooooooooooooooooooooooooooooooooooooooooooooooooooooooooooooooooooooooooooooooooooooooooooooooooooooooooooooooooooooooooooooooooooooooooooooooooooooooooooooooooooooooooooooooooooooooooooooooooooooooooooooooooooooooooooooooooooooooooooooooooooooooooooooooooooooooooooooooooooooooooooooooooooooooooooooooooooooooooooooooooooooooooooooooooooooooooooooooooooooooooooooooooooooooooooooooooooooooooooooooooooooooooooooooooooooooooooooooooooooooooooooooooooooooooooooooooooooooooooooooooooooooooooooooooooooooooooooooooooooooooooooooooooooooooooooooooooooooooooooooooooooooooooooooooooooooooooooooooooooooooooooooooo',1485865778,847,848,31),
	(851,205,'video',68,'yah<br><br><br><br><br><br><br><br>',1485936386,847,NULL,31),
	(852,205,'video',68,'hello<br><br>hi<br><br><br>hihi',1485936393,847,NULL,31),
	(853,205,'video',68,'hello<br><br><br><br>hihi',1485936409,847,NULL,31),
	(854,205,'video',68,':D',1486028218,847,853,31),
	(855,205,'video',68,'? ',1486028223,847,853,31),
	(856,205,'video',68,'<br><br><br><br><br><br><br><br><br><br><br><br><br><br><br><br>hi',1486045916,847,851,31),
	(857,5,'video',68,'6th',1486047448,779,839,NULL),
	(883,5,'video',68,'This is way too funny ? ',1486162730,779,857,NULL),
	(884,5,'video',68,'<a href=\"http://www.twin-kle.com/videos/1239\"target=\"_blank\">http://www.twin-kle.com/videos/1239</a>',1486252708,779,883,NULL),
	(885,215,'video',68,'awesome ?   how are you?',1486820236,779,884,NULL),
	(886,215,'video',68,'Interesting perspective ?   What do you think could go wrong if he does come to Korea?',1486820360,779,885,NULL),
	(887,205,'video',69,'test?',1486894610,NULL,NULL,NULL),
	(894,205,'video',69,'test',1486895449,887,NULL,NULL),
	(895,205,'video',69,'test',1486895463,887,894,NULL),
	(896,205,'video',69,'go!!',1486895870,887,895,NULL),
	(897,205,'video',69,'test',1486895875,887,894,NULL),
	(898,205,'video',69,'hi',1486895883,887,894,NULL),
	(899,205,'video',69,'hello',1486895888,887,897,NULL),
	(900,5,'video',72,'minecraft:Protection ',1486999768,NULL,NULL,NULL),
	(901,5,'video',72,'welcome ?  this is great!',1487000012,900,NULL,NULL),
	(902,205,'video',72,'hellohello :)',1487036040,900,901,NULL),
	(903,205,'video',72,'ttest',1487036092,900,902,NULL),
	(904,205,'video',72,'test',1487036151,900,903,NULL),
	(905,205,'video',72,'tes',1487036158,900,903,NULL),
	(906,205,'video',72,'hihi ? ',1487036167,900,903,NULL),
	(907,205,'video',72,'? ',1487036171,900,903,NULL),
	(908,205,'video',72,':)hihi ? ',1487036179,900,903,NULL),
	(909,205,'video',72,':)? ',1487036317,900,908,NULL),
	(910,205,'video',72,'hello',1487036383,900,909,NULL),
	(911,205,'video',72,'? ',1487036426,900,910,NULL),
	(912,205,'video',72,'hihi? ',1487036434,900,910,NULL),
	(913,205,'video',72,':)hihi hello! ? ',1487036441,900,910,NULL),
	(914,205,'video',72,'?  hihi ? <br>',1487036452,900,910,NULL),
	(915,205,'video',72,'hi ? <br>',1487039328,900,914,NULL),
	(919,5,'url',47,'Hi there',1487039328,NULL,NULL,NULL),
	(920,5,'url',47,'second comment',1487039328,NULL,NULL,NULL),
	(980,5,'url',47,'reply',1487160396,920,NULL,NULL),
	(981,5,'video',72,'hi back',1487160464,900,915,NULL),
	(986,5,'video',72,'well?',1487161830,900,907,NULL),
	(987,5,'video',72,'hi?',1487161835,900,981,NULL),
	(989,5,'video',72,'Edit this again!',1487161928,NULL,NULL,NULL),
	(990,5,'video',72,'Yes',1487162918,NULL,NULL,32),
	(991,5,'video',73,'comment!',1487168110,NULL,NULL,NULL),
	(992,5,'url',48,'yeah!!',1487168164,NULL,NULL,NULL),
	(993,5,'url',48,'Good work!',1487176382,NULL,NULL,NULL),
	(994,5,'video',73,'Nice',1487176403,991,NULL,NULL),
	(995,5,'video',72,'ho',1487176479,900,906,NULL),
	(996,5,'video',72,'hello4',1487176981,900,902,NULL),
	(997,5,'video',72,'hi',1487177000,900,902,NULL),
	(998,5,'video',72,'sure',1487177644,NULL,NULL,32),
	(999,5,'video',72,'indeed ? ',1487177814,NULL,NULL,32),
	(1000,5,'url',48,'thanks',1487179676,993,NULL,NULL),
	(1025,5,'url',51,'nice!',1487356122,NULL,NULL,NULL),
	(1037,5,'video',76,'test',1487411101,NULL,NULL,NULL),
	(1038,5,'video',76,'reply',1487411104,1037,NULL,NULL),
	(1039,5,'video',76,'ok',1487411158,1037,1038,NULL),
	(1040,5,'video',76,'yeah',1487411162,1037,NULL,NULL),
	(1041,5,'video',76,'tesin',1487411170,NULL,NULL,NULL),
	(1042,205,'video',76,'testing again',1487411386,1037,NULL,NULL),
	(1043,205,'video',76,'test',1487411389,1037,1040,NULL),
	(1044,205,'video',76,'yeah',1487411393,1037,1039,NULL),
	(1045,205,'video',76,'yes',1487411419,1037,NULL,NULL),
	(1046,205,'video',76,'again',1487411445,1037,1038,NULL),
	(1047,205,'video',76,'?  okay',1487487121,NULL,NULL,33),
	(1048,205,'video',76,'here',1487487124,1047,NULL,33),
	(1049,205,'video',76,'we',1487487127,1047,NULL,33),
	(1050,205,'video',76,'go',1487487129,1047,NULL,33),
	(1051,205,'video',76,'here',1487487139,1047,1050,33),
	(1052,205,'video',76,'we',1487487143,1047,1050,33),
	(1053,205,'video',76,'yeah',1487489036,1047,1050,33),
	(1054,205,'video',76,'this...',1487489047,1047,1050,33),
	(1055,205,'video',76,'This question was epic! Thanks to you I was able to learn something I didn\'t know\nbefore! Thank you.',1487489075,1047,1050,33),
	(1056,205,'video',76,'yeah!!',1487493185,1037,NULL,NULL),
	(1057,205,'video',76,'hope',1487493211,1047,1050,33),
	(1058,205,'video',76,'not work',1487493234,1047,NULL,33),
	(1059,205,'video',76,'I think he used civil war to mean \"a war between citizens of the same country,\" not\nthe movie Civil War ?  ',1487493947,1047,NULL,33),
	(1060,205,'video',76,'I think he used civil war to mean \"a war between citizens of the same country,\" not\nthe movie Civil War ?  ',1487493955,1047,1050,33),
	(1061,5,'video',77,'hello world!',1487759181,NULL,NULL,NULL),
	(1062,5,'video',77,'fdasf',1487759307,NULL,NULL,NULL),
	(1063,5,'video',77,'fdsa',1487759308,NULL,NULL,NULL),
	(1064,5,'video',77,'fdsaf',1487759309,NULL,NULL,NULL),
	(1065,5,'video',77,'fdsa',1487759338,NULL,NULL,NULL),
	(1066,5,'video',77,'fdas',1487759339,NULL,NULL,NULL),
	(1067,5,'video',77,'fdsa',1487759340,NULL,NULL,NULL),
	(1068,5,'video',77,'fdsa',1487759341,NULL,NULL,NULL),
	(1069,5,'video',77,'fdsaf',1487759342,NULL,NULL,NULL),
	(1070,5,'video',77,'fdsa',1487759343,NULL,NULL,NULL),
	(1071,5,'video',77,'fdsa',1487759344,NULL,NULL,NULL),
	(1072,5,'video',77,'fdsa',1487759345,NULL,NULL,NULL),
	(1073,5,'video',77,'fdas',1487759346,NULL,NULL,NULL),
	(1074,5,'video',77,'fdsa',1487759347,NULL,NULL,NULL),
	(1075,5,'video',77,'fdsa',1487759348,NULL,NULL,NULL),
	(1076,5,'video',77,'fdsa',1487759349,NULL,NULL,NULL),
	(1077,5,'video',77,'fdsa',1487759350,NULL,NULL,NULL),
	(1078,5,'video',77,'fdsa',1487759351,NULL,NULL,NULL),
	(1079,5,'video',77,'fdsa',1487759352,NULL,NULL,NULL),
	(1080,5,'video',77,'fdsa',1487759354,NULL,NULL,NULL),
	(1081,5,'video',77,'fdsa',1487759355,NULL,NULL,NULL),
	(1082,5,'video',77,'fdsa',1487759356,NULL,NULL,NULL),
	(1083,5,'video',77,'fdsa',1487759357,NULL,NULL,NULL),
	(1084,5,'video',77,'fdsa',1487759358,NULL,NULL,NULL),
	(1085,5,'video',77,'fdsa',1487759359,NULL,NULL,NULL),
	(1086,5,'video',77,'fdsa',1487759360,NULL,NULL,NULL),
	(1087,5,'video',77,'fdsa',1487759362,NULL,NULL,NULL),
	(1088,5,'video',77,'fdsa',1487759363,NULL,NULL,NULL),
	(1089,5,'video',77,'fdsa',1487759364,NULL,NULL,NULL),
	(1090,5,'video',77,'fdsa',1487759365,NULL,NULL,NULL),
	(1091,5,'video',77,'fdsa',1487759366,NULL,NULL,NULL),
	(1092,5,'video',77,'fdas',1487759367,NULL,NULL,NULL),
	(1093,5,'url',50,'This is great!',1487760358,NULL,NULL,NULL),
	(1094,5,'url',50,'Good news!',1487760538,NULL,NULL,NULL),
	(1098,5,'video',6,'hi',1487760768,NULL,NULL,NULL),
	(1099,5,'video',6,'hello',1487760804,NULL,NULL,NULL),
	(1100,5,'video',13,'hihi',1487760827,NULL,NULL,NULL),
	(1101,5,'video',13,'good',1487760830,NULL,NULL,NULL),
	(1103,5,'url',51,'Good!!',1487761749,NULL,NULL,NULL),
	(1104,5,'url',51,'test',1487764695,1103,NULL,NULL),
	(1105,5,'url',51,'test',1487764758,1103,NULL,NULL),
	(1106,5,'url',51,'test',1487764780,1103,1104,NULL),
	(1108,5,'url',51,'yeah',1487765139,1103,NULL,NULL),
	(1109,5,'video',51,'of course',1487765144,1103,1106,NULL),
	(1110,5,'video',77,'haha',1487765163,1089,NULL,NULL),
	(1111,5,'video',77,'good',1487765167,1089,1110,NULL),
	(1112,5,'video',77,'nice',1487765177,1090,NULL,NULL),
	(1113,5,'video',77,'how',1487765180,1090,1112,NULL),
	(1114,5,'url',50,'why',1487765190,1094,NULL,NULL),
	(1115,5,'url',50,'oh',1487765193,1094,1114,NULL),
	(1116,5,'url',50,'hi',1487765441,1094,1115,NULL),
	(1117,5,'video',13,'good',1487765459,1101,1107,NULL),
	(1118,5,'video',13,'well',1487765461,1101,NULL,NULL),
	(1120,5,'video',13,'hi',1487765484,1101,1119,NULL),
	(1122,5,'video',13,'yeah',1487765546,1101,1117,NULL),
	(1123,5,'video',13,'oh',1487765550,1101,1107,NULL),
	(1124,5,'video',13,'huh',1487765561,1101,NULL,NULL),
	(1126,5,'video',13,'shall work now!!1',1487765637,1101,1124,NULL),
	(1127,5,'url',50,'yeahh!!!',1487765651,1094,1115,NULL),
	(1128,5,'url',50,'ohoh',1487765655,1094,1116,NULL),
	(1129,5,'url',50,'hell yeah',1487765658,1094,1127,NULL),
	(1130,5,'video',13,'ok',1487765746,1101,1126,NULL),
	(1131,5,'video',13,'good',1487765757,1101,1126,NULL),
	(1132,5,'video',13,'new',1487767295,1101,NULL,NULL),
	(1133,5,'video',13,'superb',1487767300,1101,1131,NULL),
	(1134,5,'video',76,'test',1487847116,NULL,NULL,34),
	(1135,5,'video',76,'agree',1487847129,NULL,NULL,34),
	(1136,5,'video',76,'me too',1487847198,1135,NULL,34),
	(1137,5,'video',76,'me three',1487847258,1135,NULL,34),
	(1138,5,'video',76,'me four',1487850194,1135,NULL,34),
	(1139,5,'video',76,'yes sir ree',1487850237,1135,NULL,34),
	(1140,5,'video',76,'hold your horses',1487850258,1135,1139,34),
	(1145,5,'video',76,'neutral comment',1487850987,NULL,NULL,NULL),
	(1146,5,'video',76,'reply to neutral',1487850995,1145,NULL,NULL),
	(1148,5,'video',76,'hi',1487851035,1134,NULL,34),
	(1153,5,'video',76,'test',1487851521,1047,NULL,NULL),
	(1154,5,'video',76,'to what',1487851744,1135,NULL,34),
	(1155,5,'video',76,'why',1487851748,1135,1140,34),
	(1156,5,'video',51,'test',1487855945,NULL,NULL,NULL),
	(1157,5,'url',51,'test',1487855956,NULL,NULL,NULL),
	(1158,5,'url',51,'tets',1487856028,NULL,NULL,NULL),
	(1159,5,'url',51,'gdsfa',1487856037,1158,NULL,NULL),
	(1160,5,'url',51,'testin',1487856611,1158,NULL,NULL),
	(1161,5,'video',77,'test',1487865525,NULL,NULL,NULL),
	(1166,5,'video',76,'test',1487866377,NULL,NULL,NULL),
	(1169,5,'video',77,'test',1487867040,1161,NULL,NULL),
	(1170,5,'video',77,'test',1487867042,NULL,NULL,NULL),
	(1171,5,'video',77,'testsrsaf',1487867045,NULL,NULL,NULL),
	(1172,5,'url',51,'yeah',1487867735,NULL,NULL,NULL),
	(1173,5,'url',51,'ok',1487867742,1172,NULL,NULL),
	(1174,5,'video',76,'help!',1487867750,NULL,NULL,34),
	(1175,5,'video',76,'test',1487920952,1174,NULL,34),
	(1176,5,'video',76,'test',1487920972,1047,NULL,33),
	(1177,205,'video',76,'ok',1487950427,1047,1176,33),
	(1178,205,'video',76,'it should work now',1487951026,1047,1177,33),
	(1179,5,'video',7,'cool',1492871336,NULL,NULL,NULL),
	(1180,5,'video',83,'wow ? ',1493012168,NULL,NULL,NULL),
	(1181,205,'video',83,'oh!',1494762925,1180,NULL,NULL),
	(1182,5,'video',86,'hello',1494763072,NULL,NULL,NULL),
	(1183,205,'video',86,'hi!',1494763085,1182,NULL,NULL),
	(1184,5,'video',86,'At first I thought this was some kind of scam! But no, it\'s real! There\'s actually a machine that<br>generates water from thin air! UNBELIEVABLE',1494765865,1182,1183,NULL),
	(1185,205,'video',76,'Hello Mikey',1494830117,NULL,NULL,34),
	(1186,205,'video',76,'what do you need?',1494830125,1174,NULL,34),
	(1187,205,'video',76,'aha',1494830128,1174,1175,34),
	(1188,205,'video',86,'wow... thank you.',1494830210,NULL,NULL,35),
	(1189,205,'video',86,'another test',1494832404,NULL,NULL,35),
	(1190,5,'video',86,'At first I thought this was some kind of scam! But no, it\'s real! There\'s actually a machine that makes water from thin air! UNBELIEVABLE',1495240843,NULL,NULL,NULL),
	(1191,5,'video',84,'yoyo!',1495789821,NULL,NULL,NULL),
	(1192,205,'video',86,'yeah <a href=\"http://www.facebook.com\" target=\"_blank\">www.facebook.com</a>',1496053748,1190,NULL,NULL),
	(1193,215,'video',86,'ggggggggggggggggggggggggggggggggggggggggggggggggggggggggggggggggggggggggggg',1497146571,1190,1192,NULL),
	(1194,5,'video',6,'hi',1497430257,1099,NULL,NULL),
	(1196,5,'url',52,'We are going to try this out today',1498881132,NULL,NULL,NULL),
	(1197,5,'url',37,'Test this out',1498881337,NULL,NULL,NULL),
	(1198,5,'url',37,'hello',1498881514,NULL,NULL,NULL),
	(1199,5,'url',53,'yeah!',1498881525,NULL,NULL,NULL),
	(1200,5,'url',53,'should work now',1498881705,NULL,NULL,NULL),
	(1201,5,'url',43,'yes!',1498881720,NULL,NULL,NULL),
	(1202,5,'url',55,'If you want to apply, please submit your application online by 8 pm PT on October 3.',1499154546,NULL,NULL,NULL);

/*!40000 ALTER TABLE `content_comments` ENABLE KEYS */;
UNLOCK TABLES;

DELIMITER ;;
/*!50003 SET SESSION SQL_MODE="STRICT_TRANS_TABLES,NO_ENGINE_SUBSTITUTION" */;;
/*!50003 CREATE */ /*!50017 DEFINER=`root`@`localhost` */ /*!50003 TRIGGER `content_comments_after_insert` AFTER INSERT ON `content_comments` FOR EACH ROW BEGIN

INSERT INTO noti_feeds (type, rootType, contentId, rootId, rootCommentId, discussionId, uploaderId, timeStamp)
VALUES (
	'comment', 
	NEW.rootType, 
	NEW.id, 
	NEW.rootId, 
	IF(
		NEW.replyId IS NOT NULL,
		NEW.replyId,
		IF(
			NEW.commentId IS NOT NULL,
			NEW.commentId,
			NULL
		)
	), 
	NEW.discussionId,
	NEW.userId, 
	NEW.timeStamp
);

END */;;
/*!50003 SET SESSION SQL_MODE="STRICT_TRANS_TABLES,NO_ENGINE_SUBSTITUTION" */;;
/*!50003 CREATE */ /*!50017 DEFINER=`root`@`localhost` */ /*!50003 TRIGGER `content_comments_after_delete` AFTER DELETE ON `content_comments` FOR EACH ROW BEGIN

DELETE FROM noti_feeds WHERE type = 'comment' AND contentId = OLD.id;

END */;;
DELIMITER ;
/*!50003 SET SESSION SQL_MODE=@OLD_SQL_MODE */;


# Dump of table content_discussions
# ------------------------------------------------------------

DROP TABLE IF EXISTS `content_discussions`;

CREATE TABLE `content_discussions` (
  `id` int(11) unsigned NOT NULL AUTO_INCREMENT,
  `userId` int(11) DEFAULT NULL,
  `title` varchar(300) CHARACTER SET utf8mb4 DEFAULT NULL,
  `description` varchar(5000) CHARACTER SET utf8mb4 DEFAULT NULL,
  `rootType` varchar(100) DEFAULT NULL,
  `rootId` int(11) DEFAULT NULL,
  `timeStamp` bigint(11) DEFAULT NULL,
  PRIMARY KEY (`id`)
) ENGINE=InnoDB DEFAULT CHARSET=utf8;

LOCK TABLES `content_discussions` WRITE;
/*!40000 ALTER TABLE `content_discussions` DISABLE KEYS */;

INSERT INTO `content_discussions` (`id`, `userId`, `title`, `description`, `rootType`, `rootId`, `timeStamp`)
VALUES
	(1,5,'Trump became a president. What now?','What should we do, now that our worst nightmare has come true?','video',26,1478527794),
	(2,5,'Who is the best hero in Overwatch?',NULL,'video',26,1478527795),
	(3,5,'random question',NULL,'url',3,1478527796),
	(4,205,'The Legend of Zelda Breath of the Wild -  is this game great?','For me this is a little different since the last consoles that I got were all of the gen 6 consoles and after that all I did was PC and built up my retro console game library. The new Zelda is everything that I have wanted them to do with the franchise and I have good faith in how it will turn out.﻿','video',26,1478744578),
	(5,205,'lets build up on this momentum',NULL,'video',26,1478745166),
	(6,205,'how is this test going?',NULL,'video',26,1478745298),
	(7,205,'Is coding easy?','if so, how is it so easy?','video',26,1478745508),
	(8,205,'Is upload feature done?',NULL,'video',26,1478745628),
	(9,205,'is the name showing properly?',NULL,'video',26,1478745712),
	(10,205,'Who is your favorite character in overwatch',NULL,'video',26,1478922204),
	(11,205,'what is the future of overwatch?','overwatch is obviously a great game but can it surpass starcraft?','video',26,1478931544),
	(12,205,'Why does Mark wear same clothes everyday?',NULL,'video',28,1479476174),
	(13,205,'two',NULL,'video',28,1479629539),
	(14,205,'three',NULL,'video',28,1479629542),
	(15,205,'four',NULL,'video',28,1479629544),
	(16,205,'lets see',NULL,'video',30,1479656928),
	(17,205,'let\'s test this!!','Hello world','video',42,1480251298),
	(19,205,'new discussion','random topic','video',45,1480731431),
	(23,205,'this is a new discussion. hellloooo?',NULL,'video',53,1480993102),
	(24,5,'A new debate on teenager brains',NULL,'video',50,1482149033),
	(25,5,'newer discussion','<a href=\"http://www.facebook.com\" target=\"_blank\">www.facebook.com</a> is the best site?','video',53,1482647676),
	(26,5,'newest discussion',NULL,'video',53,1483939500),
	(27,5,'4th discussion',NULL,'video',53,1483939506),
	(28,5,'<hello> www.facebook.com','testsetse  <a href=\"http://www.facebook.com\" target=\"_blank\">www.facebook.com</a>','video',62,1485706351),
	(29,5,'&lt;!DOCTYPE html&gt; is this right?','&lt;!DOCTYPE html&gt; is this right?','video',62,1485734997),
	(30,5,'New discussion. Yay','hello','video',67,1485828167),
	(31,5,'<!DOCTYPE html>','','video',68,1485865764),
	(32,5,'EQ is important','right?','video',72,1487162895),
	(33,205,'Multiple reply to reply please',NULL,'video',76,1487487117),
	(34,5,'Twinkle MC World needs a Show!',NULL,'video',76,1487596383),
	(35,5,'This is a discussion about dbz!',NULL,'video',86,1494830184);

/*!40000 ALTER TABLE `content_discussions` ENABLE KEYS */;
UNLOCK TABLES;

DELIMITER ;;
/*!50003 SET SESSION SQL_MODE="STRICT_TRANS_TABLES,NO_ENGINE_SUBSTITUTION" */;;
/*!50003 CREATE */ /*!50017 DEFINER=`root`@`localhost` */ /*!50003 TRIGGER `content_discussions_after_insert` AFTER INSERT ON `content_discussions` FOR EACH ROW BEGIN

INSERT INTO noti_feeds (type, rootType, contentId, rootId, uploaderId, timeStamp)
VALUES ('discussion', NEW.rootType, NEW.id, NEW.rootId, NEW.userId, NEW.timeStamp);

END */;;
/*!50003 SET SESSION SQL_MODE="STRICT_TRANS_TABLES,NO_ENGINE_SUBSTITUTION" */;;
/*!50003 CREATE */ /*!50017 DEFINER=`root`@`localhost` */ /*!50003 TRIGGER `content_discussions_after_delete` AFTER DELETE ON `content_discussions` FOR EACH ROW BEGIN

DELETE FROM noti_feeds WHERE type = 'discussion' AND contentId = OLD.id;

END */;;
DELIMITER ;
/*!50003 SET SESSION SQL_MODE=@OLD_SQL_MODE */;


# Dump of table content_likes
# ------------------------------------------------------------

DROP TABLE IF EXISTS `content_likes`;

CREATE TABLE `content_likes` (
  `id` int(11) unsigned NOT NULL AUTO_INCREMENT,
  `rootType` varchar(200) COLLATE utf8mb4_unicode_ci DEFAULT NULL,
  `rootId` int(11) DEFAULT NULL,
  `userId` int(11) DEFAULT NULL,
  `timeStamp` bigint(11) DEFAULT NULL,
  PRIMARY KEY (`id`)
) ENGINE=InnoDB DEFAULT CHARSET=utf8mb4 COLLATE=utf8mb4_unicode_ci;

LOCK TABLES `content_likes` WRITE;
/*!40000 ALTER TABLE `content_likes` DISABLE KEYS */;

INSERT INTO `content_likes` (`id`, `rootType`, `rootId`, `userId`, `timeStamp`)
VALUES
	(1,'comment',2,5,NULL),
	(2,'comment',28,5,NULL),
	(3,'comment',67,5,NULL),
	(4,'comment',66,5,NULL),
	(5,'comment',5,5,NULL),
	(7,'comment',72,5,NULL),
	(8,'comment',37,5,NULL),
	(9,'comment',74,5,NULL),
	(10,'comment',80,5,NULL),
	(11,'comment',85,5,NULL),
	(12,'comment',125,5,NULL),
	(13,'comment',128,5,NULL),
	(14,'comment',129,5,NULL),
	(15,'comment',149,205,NULL),
	(16,'comment',329,205,NULL),
	(17,'comment',327,205,NULL),
	(18,'comment',202,205,NULL),
	(19,'comment',206,205,NULL),
	(20,'comment',324,205,NULL),
	(21,'comment',609,5,NULL),
	(22,'comment',586,5,NULL),
	(23,'comment',610,5,NULL),
	(24,'comment',622,5,NULL),
	(25,'comment',621,5,NULL),
	(26,'comment',625,205,NULL),
	(27,'comment',607,5,NULL),
	(28,'comment',697,5,NULL),
	(29,'comment',698,5,NULL),
	(30,'comment',696,5,NULL),
	(31,'comment',722,5,NULL),
	(32,'comment',731,5,NULL),
	(33,'comment',751,5,NULL),
	(34,'comment',755,5,NULL),
	(35,'comment',756,5,NULL),
	(36,'comment',756,205,NULL),
	(37,'comment',755,205,NULL),
	(38,'comment',755,218,NULL),
	(39,'comment',756,218,NULL),
	(40,'comment',775,5,NULL),
	(41,'comment',847,5,NULL),
	(42,'comment',857,5,NULL),
	(43,'comment',853,5,NULL),
	(44,'comment',883,5,NULL),
	(45,'comment',884,5,NULL),
	(46,'comment',915,218,NULL),
	(47,'comment',915,215,NULL),
	(48,'comment',1,5,NULL),
	(49,'comment',901,5,NULL),
	(50,'comment',900,5,NULL),
	(51,'comment',905,5,NULL),
	(52,'comment',912,5,NULL),
	(53,'comment',914,5,NULL),
	(54,'comment',981,5,NULL),
	(55,'comment',920,5,NULL),
	(56,'comment',980,5,NULL),
	(57,'comment',985,5,NULL),
	(58,'comment',990,5,NULL),
	(59,'comment',992,5,NULL),
	(60,'comment',991,5,NULL),
	(61,'comment',993,5,NULL),
	(62,'comment',998,5,NULL),
	(63,'comment',999,5,NULL),
	(64,'comment',1000,5,NULL),
	(65,'comment',1104,5,NULL),
	(66,'comment',1092,5,NULL),
	(67,'comment',1110,5,NULL),
	(68,'comment',1126,5,NULL),
	(69,'comment',1131,5,NULL),
	(70,'comment',1133,5,NULL),
	(71,'comment',1118,5,NULL),
	(72,'comment',1132,5,NULL),
	(73,'comment',1179,5,NULL),
	(74,'comment',1177,5,NULL),
	(75,'url',47,5,NULL),
	(76,'url',47,205,NULL),
	(77,'url',47,208,NULL),
	(78,'url',47,206,NULL),
	(79,'url',48,5,NULL),
	(80,'url',45,5,NULL),
	(82,'url',51,218,NULL),
	(83,'url',51,215,NULL),
	(84,'url',51,205,NULL),
	(85,'url',51,5,NULL),
	(86,'video',241,5,NULL),
	(87,'video',270,215,NULL),
	(88,'video',270,205,NULL),
	(89,'video',271,5,NULL),
	(90,'video',240,5,NULL),
	(91,'video',260,205,NULL),
	(92,'video',235,205,NULL),
	(93,'video',238,5,NULL),
	(94,'video',283,5,NULL),
	(95,'video',285,5,NULL),
	(96,'video',288,5,NULL),
	(97,'video',242,5,NULL),
	(98,'video',290,205,NULL),
	(99,'video',293,205,NULL),
	(100,'video',298,5,NULL),
	(101,'video',289,5,NULL),
	(102,'video',295,5,NULL),
	(103,'video',273,5,NULL),
	(104,'video',291,5,NULL),
	(105,'video',260,5,NULL),
	(106,'video',287,5,NULL),
	(107,'video',293,5,NULL),
	(108,'video',284,5,NULL),
	(109,'video',235,218,NULL),
	(110,'video',302,5,NULL),
	(111,'video',235,5,NULL),
	(112,'video',307,205,NULL),
	(113,'video',270,5,NULL),
	(114,'video',309,5,NULL),
	(115,'video',299,5,NULL),
	(116,'video',3,5,NULL),
	(118,'video',18,5,NULL),
	(119,'video',26,205,NULL),
	(120,'video',31,5,NULL),
	(121,'video',33,205,NULL),
	(122,'video',42,205,NULL),
	(123,'video',53,5,NULL),
	(124,'video',60,5,NULL),
	(125,'video',60,205,NULL),
	(126,'video',68,5,NULL),
	(127,'video',72,205,NULL),
	(128,'video',72,218,NULL),
	(129,'video',4,5,NULL),
	(130,'video',48,5,NULL),
	(131,'video',72,5,NULL),
	(132,'video',73,5,NULL),
	(133,'video',7,5,NULL),
	(259,'comment',1180,5,1494305350),
	(260,'video',85,5,1494306588),
	(261,'video',6,205,1494306612),
	(264,'video',84,205,1494306760),
	(265,'video',85,205,1494306764),
	(266,'url',52,205,1494307313),
	(267,'comment',999,205,1494318750),
	(268,'url',50,5,1494402916),
	(273,'video',6,5,1494919020),
	(274,'video',84,5,1494948873),
	(275,'video',70,5,1494948996),
	(276,'video',70,215,1494949089),
	(277,'video',70,205,1494949101),
	(279,'video',86,5,1494949363),
	(280,'video',55,5,1495019925),
	(281,'video',72,215,1495032511),
	(282,'video',16,215,1495037386),
	(285,'comment',1192,5,1496919849);

/*!40000 ALTER TABLE `content_likes` ENABLE KEYS */;
UNLOCK TABLES;

DELIMITER ;;
/*!50003 SET SESSION SQL_MODE="STRICT_TRANS_TABLES,NO_ENGINE_SUBSTITUTION" */;;
/*!50003 CREATE */ /*!50017 DEFINER=`root`@`localhost` */ /*!50003 TRIGGER `content_likes_after_insert` AFTER INSERT ON `content_likes` FOR EACH ROW BEGIN

INSERT INTO noti_feeds (type, rootType, contentId, rootId, uploaderId, timeStamp)
VALUES ('like', NEW.rootType, NEW.id, NEW.rootId, NEW.userId, NEW.timeStamp);

END */;;
/*!50003 SET SESSION SQL_MODE="STRICT_TRANS_TABLES,NO_ENGINE_SUBSTITUTION" */;;
/*!50003 CREATE */ /*!50017 DEFINER=`root`@`localhost` */ /*!50003 TRIGGER `content_likes_after_delete` AFTER DELETE ON `content_likes` FOR EACH ROW BEGIN

DELETE FROM noti_feeds WHERE type = 'like' AND contentId = OLD.id;

END */;;
DELIMITER ;
/*!50003 SET SESSION SQL_MODE=@OLD_SQL_MODE */;


# Dump of table content_urls
# ------------------------------------------------------------

DROP TABLE IF EXISTS `content_urls`;

CREATE TABLE `content_urls` (
  `id` int(11) unsigned NOT NULL AUTO_INCREMENT,
  `title` varchar(300) CHARACTER SET utf8mb4 DEFAULT NULL,
  `description` longtext CHARACTER SET utf8mb4,
  `content` varchar(1000) DEFAULT NULL,
  `uploader` int(11) DEFAULT NULL,
  `timeStamp` bigint(11) DEFAULT NULL,
  PRIMARY KEY (`id`)
) ENGINE=InnoDB DEFAULT CHARSET=utf8;

LOCK TABLES `content_urls` WRITE;
/*!40000 ALTER TABLE `content_urls` DISABLE KEYS */;

INSERT INTO `content_urls` (`id`, `title`, `description`, `content`, `uploader`, `timeStamp`)
VALUES
	(17,'Stack Overflow is great!!',NULL,'http://stackoverflow.com/questions/28889826/react-set-focus-on-input-after-render',5,1476360599),
	(18,'Now you can share YouTube videos and web links here! See how I coded it by clicking the link below!',NULL,'https://www.livecoding.tv/mikey1384/videos/b0dLA-es6-express-react-redux-programming-14',5,1476361043),
	(19,'Quora is a website where smart people around the world will answer any questions you have',NULL,'https://www.quora.com/',5,1476362411),
	(23,'Difficult decisions',NULL,'https://www.youtube.com/watch?v=yac8DQZkhRI',5,1476705278),
	(28,'Final fantasy just link',NULL,'https://www.youtube.com/watch?v=YtFt5XpaSbQ',5,1476855751),
	(31,'JS StackOF',NULL,'http://stackoverflow.com/questions/33138370/how-to-wire-up-redux-form-bindings-to-the-forms-inputs',5,1476863130),
	(32,'ALF link',NULL,'https://www.youtube.com/watch?v=awNjw4x8rMo',5,1476863171),
	(33,'Youtube','No description','https://www.youtube.com/',5,1480038445),
	(37,'Git Tutorial','No description','https://www.atlassian.com/git/tutorials/what-is-version-control',5,1481113860),
	(38,'Cool react package','No description','https://github.com/brigade/react-waypoint',5,1481210225),
	(39,'Web Fundamentals','No description','https://developers.google.com/web/fundamentals/',5,1481972192),
	(40,'World University Rankings ','No description','https://www.timeshighereducation.com/world-university-rankings/2016/world-ranking#!/page/0/length/25/sort_by/rank/sort_order/asc/cols/stats',5,1482412025),
	(41,'test','No description','https://github.com/yannickcr/eslint-plugin-react/issues/553',5,1485705978),
	(42,'instagram','No description','https://www.youtube.com/watch?v=7y7CLWArdFY',5,1486955703),
	(43,'Reddit is an amazing site','No description','https://www.reddit.com/',5,1487060234),
	(45,'Amazon Web Service is the cloud server service hosted by Amazon','No description','https://aws.amazon.com/',5,1487060351),
	(46,'Airbnb is the ultimate share house platform','No description','https://www.airbnb.com/',5,1487060418),
	(47,'YCombinator is the best startup accelerator','No description','https://www.ycombinator.com/',5,1487060490),
	(50,'Don’t feel like writing that essay? Pay an unemployed professor to do it for you','Once upon a time, students wrote essays at university. Now they can hire unemployed profs to do that for them — or at least that\'s what one Montreal-based online service is offering.<br><br>Unemployedprofessors.com connects essay-dreading students with teachers willing to write papers for a fee.<br><br>The tag line says it all: \"So you can play while we make your papers go away.\"<br><br>The site \"unabashedly defends its actions on the grounds that education has already become overly commodified and academia is downsizing the tenure system,\" Karen Seidman wrote for Postmedia News.<br><br>Student-run essay mills aren\'t new, Schubert Laforest, president of the Concordia Student Union, told the National Post, but \"it\'s the first I\'ve heard of professors doing students\' work.\"<br><br>\"It just seems to hinder the academic process. The focus should be on acquiring skills, not trying to get an easy A. But I\'m sure some students will take advantage of it.\"<br><br>Plagiarism software is what drives some students to buy custom-written essays.<br><br>Unemployedprofessors.com explains: \"The whole reason why you\'re using this services is so that your lazy ass doesn\'t itself have to plagiarize. Long answer? We source and cite everything we write on the basis of our long experience of non-plagiarizing. Short answer? No, you\'re not going to get caught unless you do something stupid like tell everyone that you bought an essay.\"<br><br>The problem of cheating isn\'t confined to Montreal or one website. Plagiarism seems to be getting worse.<br><br>As described on the website of turnitin.com, a leading online plagiarism checker: \"We live in a digital culture where norms around copying, reuse and sharing are colliding with core principles of academic integrity.\"<br><br>One professor who works for the service told the National Post that students are told that the purchased essays are not to be used to fulfill an academic requirement.<br><br>According to the terms and conditions on the site, \"Although you own the copyright to the work, and it is completely original, we do not recommend making use of the product to fulfill an academic course requirement. As such, in using your essay, you agree to indemnify, defend, and hold harmless the company for any and all unauthorized use made of any materials available from this website, include any essay that you might purchase from us.\"<br><br>\"This removes the ethical dimension on our side as we have no control over what a client does upon paying for and receiving the project,\" said the anonymous professor.<br><br>\"In fact, it places the ethical burden squarely on the shoulders of the student.\"<br><br>Del Paulhus, a psychology professor at the University of B.C. told the Vancouver Sun that this evolution of plagiarism is hard for professors to catch.<br><br>\"Now it just takes a couple clicks and you have the exact paper you want,\" he said. \"In the past if you copied right out of a journal it looked too good, but now you can order a paper that has typos in it.\"<br><br>In Vancouver, city councillor Kerry Jang is calling for a crackdown on companies selling custom essays to university students following an undercover investigation of \"essay mills\" by CTV News.<br><br>University professors are also pushing to make these sorts of services illegal.<br><br>\"I, like many other faculty members, am outraged by it,\" Simon Fraser University\'s Rob Gordon told CTV News. \"They\'re ripping off the system.\"<br><br>While universities can discipline a student caught cheating, they have no power against the off-campus companies selling the essays.<br><br>Minister of Advanced Education John Yap responded to CTV News in an emailed statement:<br><br>\"Post-secondary institutions are responsible for the academic integrity within their institutions.\"<br><br>If universities can\'t detect the purchased essays, and services like Unemployedprofessors.com aren\'t shut down, what will become of a post-secondary education\'s value?<br><br>Maybe all essays should be written in-class. By hand. No internet allowed.','https://ca.news.yahoo.com/blogs/dailybrew/don-t-feel-writing-essay-pay-unemployed-professor-163714821.html',5,1487344318),
	(51,'React router ❤️  ','<a href=\"http://www.naver.com\" target=\"_blank\">www.naver.com</a> <br>yaA!<br>hoy ? ','https://github.com/ReactTraining/react-router',5,1487344491),
	(52,'cool bootstrap trick!!','','http://jsfiddle.net/jayjin/8bxYr/584/',5,1493545446),
	(53,'A look at the demanding schedule of Elon Musk, who works in 5-minute slots, skips breakfast, & avoids emails','','http://www.businessinsider.com/elon-musk-daily-schedule-2017-6',5,1497229125),
	(54,'Twinkle','','https://www.twin-kle.com/',5,1498471319),
	(55,'Y Combinator is accepting applications for the Winter 2018 funding cycle. It will take place in Mountain View, CA from January–March 2018','','http://www.ycombinator.com/apply/',5,1499154527),
	(56,'gummy&amp;real','','http://www.youtube.com',5,1499789458);

/*!40000 ALTER TABLE `content_urls` ENABLE KEYS */;
UNLOCK TABLES;

DELIMITER ;;
/*!50003 SET SESSION SQL_MODE="STRICT_TRANS_TABLES,NO_ENGINE_SUBSTITUTION" */;;
/*!50003 CREATE */ /*!50017 DEFINER=`root`@`localhost` */ /*!50003 TRIGGER `content_urls_after_insert` AFTER INSERT ON `content_urls` FOR EACH ROW BEGIN

INSERT INTO noti_feeds (type, rootType, contentId, rootId, uploaderId, timeStamp)
VALUES ('url', 'url', NEW.id, NEW.id, NEW.uploader, NEW.timeStamp);

END */;;
/*!50003 SET SESSION SQL_MODE="STRICT_TRANS_TABLES,NO_ENGINE_SUBSTITUTION" */;;
/*!50003 CREATE */ /*!50017 DEFINER=`root`@`localhost` */ /*!50003 TRIGGER `content_urls_after_delete` AFTER DELETE ON `content_urls` FOR EACH ROW BEGIN

DELETE FROM noti_feeds WHERE type = 'url' AND contentId = OLD.id;

END */;;
DELIMITER ;
/*!50003 SET SESSION SQL_MODE=@OLD_SQL_MODE */;


# Dump of table msg_channel_info
# ------------------------------------------------------------

DROP TABLE IF EXISTS `msg_channel_info`;

CREATE TABLE `msg_channel_info` (
  `id` int(11) unsigned NOT NULL AUTO_INCREMENT,
  `userId` int(11) unsigned DEFAULT NULL,
  `channelId` int(11) unsigned DEFAULT NULL,
  `lastRead` bigint(11) unsigned DEFAULT NULL,
  `channelName` varchar(200) DEFAULT NULL,
  `isHidden` tinyint(11) unsigned DEFAULT '0',
  PRIMARY KEY (`id`)
) ENGINE=InnoDB DEFAULT CHARSET=utf8;

LOCK TABLES `msg_channel_info` WRITE;
/*!40000 ALTER TABLE `msg_channel_info` DISABLE KEYS */;

INSERT INTO `msg_channel_info` (`id`, `userId`, `channelId`, `lastRead`, `channelName`, `isHidden`)
VALUES
	(2060,5,2,1499789043,NULL,0),
	(2061,5,756,1499788899,NULL,0),
	(2062,218,756,1499582360,NULL,0),
	(2063,218,2,1499747477,NULL,0),
	(2064,235,2,1499584970,NULL,0),
	(2065,215,2,1499747648,NULL,0),
	(2066,236,757,1499788877,NULL,0),
	(2067,5,757,1499788910,NULL,1);

/*!40000 ALTER TABLE `msg_channel_info` ENABLE KEYS */;
UNLOCK TABLES;


# Dump of table msg_channel_members
# ------------------------------------------------------------

DROP TABLE IF EXISTS `msg_channel_members`;

CREATE TABLE `msg_channel_members` (
  `id` int(11) unsigned NOT NULL AUTO_INCREMENT,
  `channelId` int(11) unsigned DEFAULT NULL,
  `userId` int(11) unsigned DEFAULT NULL,
  `timeStamp` bigint(11) DEFAULT NULL,
  PRIMARY KEY (`id`)
) ENGINE=InnoDB DEFAULT CHARSET=utf8;

LOCK TABLES `msg_channel_members` WRITE;
/*!40000 ALTER TABLE `msg_channel_members` DISABLE KEYS */;

INSERT INTO `msg_channel_members` (`id`, `channelId`, `userId`, `timeStamp`)
VALUES
	(2199,756,5,NULL),
	(2200,756,218,NULL),
	(2201,2,0,NULL),
	(2202,757,5,NULL),
	(2203,757,236,NULL);

/*!40000 ALTER TABLE `msg_channel_members` ENABLE KEYS */;
UNLOCK TABLES;


# Dump of table msg_channels
# ------------------------------------------------------------

DROP TABLE IF EXISTS `msg_channels`;

CREATE TABLE `msg_channels` (
  `id` int(11) unsigned NOT NULL AUTO_INCREMENT,
  `twoPeople` tinyint(11) unsigned DEFAULT '0',
  `channelName` varchar(200) DEFAULT NULL,
  `creator` int(11) unsigned DEFAULT NULL,
  `lastUpdated` bigint(11) DEFAULT NULL,
  `currentSubjectId` int(11) DEFAULT NULL,
  PRIMARY KEY (`id`)
) ENGINE=InnoDB DEFAULT CHARSET=utf8;

LOCK TABLES `msg_channels` WRITE;
/*!40000 ALTER TABLE `msg_channels` DISABLE KEYS */;

INSERT INTO `msg_channels` (`id`, `twoPeople`, `channelName`, `creator`, `lastUpdated`, `currentSubjectId`)
VALUES
	(2,0,'General',NULL,1499789061,95),
	(756,1,NULL,NULL,1499582360,NULL),
	(757,1,NULL,NULL,1499788878,NULL);

/*!40000 ALTER TABLE `msg_channels` ENABLE KEYS */;
UNLOCK TABLES;


# Dump of table msg_chats
# ------------------------------------------------------------

DROP TABLE IF EXISTS `msg_chats`;

CREATE TABLE `msg_chats` (
  `id` int(11) unsigned NOT NULL AUTO_INCREMENT,
  `channelId` int(11) unsigned DEFAULT NULL,
  `userId` int(11) unsigned DEFAULT NULL,
  `content` longtext COLLATE utf8mb4_unicode_ci,
  `timeStamp` bigint(11) unsigned DEFAULT NULL,
  `isNotification` tinyint(11) DEFAULT '0',
  `isSilent` tinyint(11) DEFAULT '0',
  `isSubject` tinyint(11) DEFAULT '0',
  `subjectId` int(11) DEFAULT NULL,
  `isReloadedSubject` tinyint(11) DEFAULT '0',
  PRIMARY KEY (`id`)
) ENGINE=InnoDB DEFAULT CHARSET=utf8mb4 COLLATE=utf8mb4_unicode_ci;

LOCK TABLES `msg_chats` WRITE;
/*!40000 ALTER TABLE `msg_chats` DISABLE KEYS */;

INSERT INTO `msg_chats` (`id`, `channelId`, `userId`, `content`, `timeStamp`, `isNotification`, `isSilent`, `isSubject`, `subjectId`, `isReloadedSubject`)
VALUES
	(3164,2,5,'hello',1499567040,0,0,0,NULL,0),
	(3165,756,5,'hello friend',1499567655,0,0,0,NULL,0),
	(3169,2,5,'What\'s your favorite spiderman movie?',1499568013,0,0,1,72,0),
	(3170,2,5,'What\'s going on?',1499568044,0,0,1,73,0),
	(3171,2,5,'What\'s your favorite spiderman movie?',1499568050,0,0,0,72,1),
	(3172,2,5,'What\'s going on?',1499570630,0,0,0,73,1),
	(3173,2,5,'What\'s your favorite spiderman movie?',1499571858,0,0,0,72,1),
	(3174,2,5,'What\'s going on?',1499571894,0,0,0,73,1),
	(3175,2,5,'What\'s your favorite spiderman movie?',1499572010,0,0,0,72,1),
	(3176,2,5,'the newest one!',1499572152,0,0,0,72,0),
	(3177,2,5,'What\'s going on?',1499572157,0,0,0,73,1),
	(3178,2,5,'What\'s your favorite spiderman movie?',1499572165,0,0,0,72,1),
	(3179,2,5,'the homecoming one',1499579887,0,0,0,72,0),
	(3180,2,5,'this is spam',1499580300,0,0,0,72,0),
	(3181,2,5,'this is spam<br>',1499580308,0,0,0,72,0),
	(3182,2,5,'this is spam<br>',1499580308,0,0,0,72,0),
	(3183,2,5,'this is spam<br>',1499580309,0,0,0,72,0),
	(3184,2,5,'this is spam<br>',1499580309,0,0,0,72,0),
	(3185,2,5,'this is spam<br>',1499580310,0,0,0,72,0),
	(3186,2,5,'this is spam',1499580311,0,0,0,72,0),
	(3187,2,5,'this is spam',1499580315,0,0,0,72,0),
	(3188,2,5,'this is spam',1499580316,0,0,0,72,0),
	(3189,2,5,'this is spam',1499580317,0,0,0,72,0),
	(3190,2,5,'this is spam',1499580318,0,0,0,72,0),
	(3191,2,5,'this is spam',1499580318,0,0,0,72,0),
	(3192,2,5,'this is spam',1499580319,0,0,0,72,0),
	(3193,756,218,'hi',1499582346,0,0,0,NULL,0),
	(3194,756,5,'hi',1499582352,0,0,0,NULL,0),
	(3195,756,218,'oh',1499582360,0,0,0,NULL,0),
	(3196,2,218,'hi',1499582394,0,0,0,72,0),
	(3197,2,5,'hello',1499582397,0,0,0,72,0),
	(3198,2,5,'How old are you?',1499582422,0,0,1,74,0),
	(3199,2,5,'hey',1499582427,0,0,0,74,0),
	(3200,2,235,'hi',1499584645,0,0,0,74,0),
	(3201,2,235,'yo',1499584970,0,0,0,74,0),
	(3202,2,5,'What\'s your favorite spiderman movie?',1499669397,0,0,0,72,1),
	(3203,2,218,'What is hypixel?',1499669457,0,0,1,75,0),
	(3204,2,5,'What\'s your favorite spiderman movie?',1499669466,0,0,0,72,1),
	(3205,2,218,'hello',1499669509,0,0,0,72,0),
	(3206,2,218,'When\'s your birthday?',1499669530,0,0,1,76,0),
	(3207,2,218,'haha',1499669544,0,0,0,76,0),
	(3208,2,5,'How old are you?',1499669551,0,0,0,74,1),
	(3209,2,218,'Where were you born?',1499747158,0,0,1,77,0),
	(3210,2,218,'What is your favorite pastime?',1499747183,0,0,1,78,0),
	(3211,2,218,'What is your favorite animal?',1499747197,0,0,1,79,0),
	(3212,2,218,'When were you born?',1499747207,0,0,1,80,0),
	(3213,2,215,'Who is your favorite actor/actress?',1499747246,0,0,1,81,0),
	(3214,2,215,'Where are you from?',1499747283,0,0,1,82,0),
	(3215,2,5,'Which is your favorite website?',1499747350,0,0,1,83,0),
	(3216,2,5,'What makes something true?',1499747423,0,0,1,84,0),
	(3217,2,5,'What do you do when you are happy?',1499747439,0,0,1,85,0),
	(3218,2,5,'What do you do when you are sad?',1499747445,0,0,1,86,0),
	(3219,2,5,'What makes you happy?',1499747455,0,0,1,87,0),
	(3220,2,5,'What makes you sad?',1499747461,0,0,1,88,0),
	(3221,2,218,'What\'s your best friend\'s name?',1499747487,0,0,1,89,0),
	(3222,2,218,'How many foreigner friends do you have?',1499747502,0,0,1,90,0),
	(3223,2,218,'What is your favorite videogame?',1499747511,0,0,1,91,0),
	(3224,2,218,'If you could travel anywhere in the world where would you go?',1499747622,0,0,1,92,0),
	(3225,2,215,'What time do you usually get up in the morning?',1499747664,0,0,1,93,0),
	(3226,2,5,'What is the maximum number of characters you can enter into this subject input box? Does anyone know',1499780857,0,0,1,94,0),
	(3227,757,5,'hey',1499788878,0,0,0,NULL,0),
	(3228,2,5,'What is minecraft & how do you install it?',1499789061,0,0,1,95,0);

/*!40000 ALTER TABLE `msg_chats` ENABLE KEYS */;
UNLOCK TABLES;

DELIMITER ;;
/*!50003 SET SESSION SQL_MODE="STRICT_TRANS_TABLES,NO_ENGINE_SUBSTITUTION" */;;
/*!50003 CREATE */ /*!50017 DEFINER=`root`@`localhost` */ /*!50003 TRIGGER `msg_chats_after_insert` AFTER INSERT ON `msg_chats` FOR EACH ROW BEGIN

UPDATE msg_channels SET lastUpdated = NEW.timeStamp WHERE id = NEW.channelId;

END */;;
DELIMITER ;
/*!50003 SET SESSION SQL_MODE=@OLD_SQL_MODE */;


# Dump of table noti_feeds
# ------------------------------------------------------------

DROP TABLE IF EXISTS `noti_feeds`;

CREATE TABLE `noti_feeds` (
  `id` int(11) unsigned NOT NULL AUTO_INCREMENT,
  `type` varchar(100) DEFAULT NULL,
  `contentId` int(11) DEFAULT NULL,
  `rootType` varchar(100) DEFAULT NULL,
  `rootId` int(11) DEFAULT NULL,
  `rootCommentId` int(11) DEFAULT NULL,
  `discussionId` int(11) DEFAULT NULL,
  `uploaderId` int(11) DEFAULT NULL,
  `timeStamp` bigint(11) DEFAULT NULL,
  PRIMARY KEY (`id`)
) ENGINE=InnoDB DEFAULT CHARSET=utf8;

LOCK TABLES `noti_feeds` WRITE;
/*!40000 ALTER TABLE `noti_feeds` DISABLE KEYS */;

INSERT INTO `noti_feeds` (`id`, `type`, `contentId`, `rootType`, `rootId`, `rootCommentId`, `discussionId`, `uploaderId`, `timeStamp`)
VALUES
	(2,'video',1,'video',1,NULL,NULL,5,1475581972),
	(3,'video',2,'video',2,NULL,NULL,5,1475583781),
	(4,'comment',2,'video',1,NULL,NULL,5,1475587469),
	(6,'video',6,'video',6,NULL,NULL,5,1475793988),
	(7,'video',7,'video',7,NULL,NULL,5,1475840404),
	(8,'video',9,'video',9,NULL,NULL,226,1475968575),
	(9,'video',11,'video',11,NULL,NULL,5,1476355252),
	(10,'video',12,'video',12,NULL,NULL,5,1476359033),
	(11,'video',13,'video',13,NULL,NULL,5,1476359194),
	(12,'url',17,'url',17,NULL,NULL,5,1476360599),
	(13,'url',18,'url',18,NULL,NULL,5,1476361043),
	(14,'url',19,'url',19,NULL,NULL,5,1476362411),
	(17,'video',15,'video',15,NULL,NULL,228,1476449749),
	(18,'video',16,'video',16,NULL,NULL,5,1476450729),
	(20,'url',23,'url',23,NULL,NULL,5,1476705278),
	(21,'video',17,'video',17,NULL,NULL,5,1476705296),
	(22,'video',18,'video',18,NULL,NULL,5,1476707205),
	(23,'video',19,'video',19,NULL,NULL,5,1476855734),
	(24,'url',28,'url',28,NULL,NULL,5,1476855751),
	(25,'url',31,'url',31,NULL,NULL,5,1476863130),
	(26,'video',20,'video',20,NULL,NULL,5,1476863153),
	(27,'url',32,'url',32,NULL,NULL,5,1476863171),
	(28,'video',21,'video',21,NULL,NULL,5,1476863199),
	(29,'video',22,'video',22,NULL,NULL,5,1476981236),
	(30,'video',23,'video',23,NULL,NULL,5,1476981534),
	(31,'video',24,'video',24,NULL,NULL,205,1478516279),
	(32,'video',25,'video',25,NULL,NULL,205,1478516340),
	(33,'video',26,'video',26,NULL,NULL,205,1478527578),
	(34,'discussion',1,'video',26,NULL,NULL,5,1478527794),
	(35,'video',28,'video',28,NULL,NULL,205,1478527794),
	(36,'discussion',2,'video',26,NULL,NULL,5,1478527795),
	(38,'discussion',4,'video',26,NULL,NULL,205,1478744578),
	(39,'discussion',5,'video',26,NULL,NULL,205,1478745166),
	(40,'discussion',6,'video',26,NULL,NULL,205,1478745298),
	(41,'discussion',7,'video',26,NULL,NULL,205,1478745508),
	(42,'discussion',8,'video',26,NULL,NULL,205,1478745628),
	(43,'discussion',9,'video',26,NULL,NULL,205,1478745712),
	(44,'discussion',10,'video',26,NULL,NULL,205,1478922204),
	(45,'discussion',11,'video',26,NULL,NULL,205,1478931544),
	(46,'discussion',12,'video',28,NULL,NULL,205,1479476174),
	(47,'discussion',13,'video',28,NULL,NULL,205,1479629539),
	(48,'discussion',14,'video',28,NULL,NULL,205,1479629542),
	(49,'discussion',15,'video',28,NULL,NULL,205,1479629544),
	(50,'video',30,'video',30,NULL,NULL,205,1479656788),
	(51,'discussion',16,'video',30,NULL,NULL,205,1479656928),
	(52,'comment',586,'video',30,NULL,NULL,205,1479792644),
	(53,'comment',593,'video',30,586,NULL,205,1479793901),
	(54,'comment',594,'video',30,586,NULL,205,1479793904),
	(55,'comment',595,'video',30,586,NULL,205,1479793907),
	(56,'comment',596,'video',30,586,NULL,205,1479793946),
	(57,'comment',597,'video',30,586,NULL,205,1479809439),
	(58,'comment',598,'video',30,586,NULL,205,1479809442),
	(59,'comment',599,'video',30,586,NULL,205,1479809449),
	(60,'comment',600,'video',30,586,NULL,205,1479809454),
	(61,'comment',601,'video',30,586,NULL,205,1479809457),
	(62,'comment',602,'video',30,586,NULL,205,1479809460),
	(63,'comment',603,'video',30,586,NULL,205,1479809463),
	(64,'comment',604,'video',30,586,NULL,205,1479809466),
	(65,'comment',605,'video',30,NULL,16,205,1479816660),
	(66,'comment',606,'video',30,605,16,205,1479816663),
	(67,'comment',607,'video',30,605,16,205,1479816672),
	(68,'comment',608,'video',30,605,16,205,1479816674),
	(69,'comment',609,'video',30,605,16,205,1479816677),
	(70,'comment',610,'video',30,NULL,16,205,1479816691),
	(71,'video',31,'video',31,NULL,NULL,205,1479883967),
	(72,'comment',619,'video',31,NULL,NULL,205,1480002885),
	(73,'comment',620,'video',31,619,NULL,5,1480036622),
	(74,'url',33,'url',33,NULL,NULL,5,1480038445),
	(75,'video',33,'video',33,NULL,NULL,5,1480038567),
	(76,'comment',621,'video',33,NULL,NULL,5,1480038879),
	(77,'comment',622,'video',33,621,NULL,5,1480038883),
	(78,'video',35,'video',35,NULL,NULL,205,1480088202),
	(79,'video',36,'video',36,NULL,NULL,205,1480088311),
	(80,'video',38,'video',38,NULL,NULL,205,1480088456),
	(81,'video',40,'video',40,NULL,NULL,205,1480090049),
	(82,'video',41,'video',41,NULL,NULL,205,1480121023),
	(83,'video',42,'video',42,NULL,NULL,205,1480121083),
	(85,'discussion',17,'video',42,NULL,NULL,205,1480251298),
	(89,'video',43,'video',43,NULL,NULL,205,1480622019),
	(90,'video',45,'video',45,NULL,NULL,205,1480688893),
	(91,'discussion',19,'video',45,NULL,NULL,205,1480731431),
	(92,'video',46,'video',46,NULL,NULL,205,1480734334),
	(128,'video',47,'video',47,NULL,NULL,205,1480833968),
	(129,'video',48,'video',48,NULL,NULL,205,1480867325),
	(130,'video',49,'video',49,NULL,NULL,205,1480900274),
	(131,'video',50,'video',50,NULL,NULL,205,1480923085),
	(132,'video',51,'video',51,NULL,NULL,205,1480989488),
	(134,'video',53,'video',53,NULL,NULL,205,1480989798),
	(139,'discussion',23,'video',53,NULL,NULL,205,1480993102),
	(163,'comment',650,'video',53,NULL,23,205,1481032132),
	(164,'comment',651,'video',53,650,23,205,1481032144),
	(171,'video',54,'video',54,NULL,NULL,5,1481094754),
	(173,'url',37,'url',37,NULL,NULL,5,1481113860),
	(174,'url',38,'url',38,NULL,NULL,5,1481210225),
	(175,'video',55,'video',55,NULL,NULL,5,1481225097),
	(188,'video',59,'video',59,NULL,NULL,5,1481275376),
	(189,'video',60,'video',60,NULL,NULL,5,1481289222),
	(191,'url',39,'url',39,NULL,NULL,5,1481972192),
	(202,'discussion',24,'video',50,NULL,NULL,5,1482149033),
	(230,'comment',694,'video',53,NULL,23,5,1482152339),
	(231,'url',40,'url',40,NULL,NULL,5,1482412025),
	(234,'video',65,'video',65,NULL,NULL,5,1482629072),
	(235,'discussion',25,'video',53,NULL,NULL,5,1482647676),
	(236,'comment',695,'video',53,NULL,25,5,1482647691),
	(237,'comment',696,'video',53,NULL,23,5,1482647735),
	(263,'comment',722,'video',53,696,23,5,1483019820),
	(264,'comment',723,'video',53,696,23,5,1483019832),
	(265,'comment',724,'video',53,696,23,5,1483067113),
	(266,'comment',725,'video',53,723,23,5,1483067123),
	(267,'comment',726,'video',53,722,23,5,1483067143),
	(268,'comment',727,'video',53,725,23,5,1483067154),
	(269,'comment',728,'video',53,696,23,5,1483067539),
	(270,'discussion',26,'video',53,NULL,NULL,5,1483939500),
	(271,'discussion',27,'video',53,NULL,NULL,5,1483939506),
	(294,'comment',750,'video',65,NULL,NULL,222,1484931493),
	(295,'comment',751,'video',62,NULL,NULL,222,1484931532),
	(296,'video',67,'video',67,NULL,NULL,229,1485257393),
	(299,'url',41,'url',41,NULL,NULL,5,1485705978),
	(300,'comment',754,'video',62,751,NULL,5,1485706265),
	(301,'discussion',28,'video',62,NULL,NULL,5,1485706351),
	(302,'comment',755,'video',62,NULL,28,5,1485706630),
	(303,'comment',756,'video',62,755,28,5,1485706633),
	(305,'comment',758,'video',67,757,NULL,5,1485707049),
	(307,'comment',760,'video',67,758,NULL,5,1485707068),
	(312,'comment',765,'video',67,NULL,NULL,5,1485707661),
	(313,'comment',766,'video',67,765,NULL,5,1485707663),
	(314,'comment',767,'video',67,766,NULL,5,1485707667),
	(315,'comment',768,'video',67,766,NULL,5,1485707811),
	(316,'comment',769,'video',67,765,NULL,5,1485708385),
	(317,'comment',770,'video',67,766,NULL,5,1485708393),
	(318,'comment',771,'video',67,770,NULL,5,1485708558),
	(319,'comment',772,'video',67,771,NULL,5,1485708618),
	(320,'comment',773,'video',67,772,NULL,5,1485708743),
	(321,'comment',774,'video',67,773,NULL,5,1485708747),
	(322,'comment',775,'video',62,756,28,5,1485708762),
	(323,'comment',776,'video',62,756,28,5,1485708823),
	(324,'comment',777,'video',62,775,28,5,1485709078),
	(325,'discussion',29,'video',62,NULL,NULL,5,1485734997),
	(326,'comment',778,'video',62,NULL,29,5,1485735483),
	(327,'video',68,'video',68,NULL,NULL,5,1485737188),
	(328,'comment',779,'video',68,NULL,NULL,5,1485827611),
	(329,'discussion',30,'video',67,NULL,NULL,5,1485828167),
	(330,'comment',780,'video',67,NULL,30,5,1485828173),
	(331,'comment',781,'video',67,780,30,5,1485828180),
	(332,'comment',782,'video',67,780,30,5,1485828639),
	(333,'comment',783,'video',67,780,30,5,1485828652),
	(388,'comment',838,'video',67,783,30,5,1485865378),
	(389,'comment',839,'video',68,779,NULL,5,1485865394),
	(390,'comment',840,'video',68,839,NULL,5,1485865405),
	(391,'comment',841,'video',68,839,NULL,5,1485865637),
	(392,'comment',842,'video',68,840,NULL,5,1485865642),
	(393,'comment',843,'video',68,839,NULL,5,1485865691),
	(394,'comment',844,'video',68,839,NULL,5,1485865704),
	(397,'discussion',31,'video',68,NULL,NULL,5,1485865764),
	(398,'comment',847,'video',68,NULL,31,5,1485865767),
	(399,'comment',848,'video',68,847,31,5,1485865769),
	(400,'comment',849,'video',68,848,31,5,1485865773),
	(401,'comment',850,'video',68,848,31,5,1485865778),
	(402,'comment',851,'video',68,847,31,205,1485936386),
	(403,'comment',852,'video',68,847,31,205,1485936393),
	(404,'comment',853,'video',68,847,31,205,1485936409),
	(405,'comment',854,'video',68,853,31,205,1486028218),
	(406,'comment',855,'video',68,853,31,205,1486028223),
	(407,'comment',856,'video',68,851,31,205,1486045916),
	(408,'comment',857,'video',68,839,NULL,5,1486047448),
	(434,'comment',883,'video',68,857,NULL,5,1486162730),
	(435,'comment',884,'video',68,883,NULL,5,1486252708),
	(436,'comment',885,'video',68,884,NULL,215,1486820236),
	(437,'comment',886,'video',68,885,NULL,215,1486820360),
	(438,'video',69,'video',69,NULL,NULL,205,1486893788),
	(439,'comment',887,'video',69,NULL,NULL,205,1486894610),
	(446,'comment',894,'video',69,887,NULL,205,1486895449),
	(447,'comment',895,'video',69,894,NULL,205,1486895463),
	(448,'comment',896,'video',69,895,NULL,205,1486895870),
	(449,'comment',897,'video',69,894,NULL,205,1486895875),
	(450,'comment',898,'video',69,894,NULL,205,1486895883),
	(451,'comment',899,'video',69,897,NULL,205,1486895888),
	(452,'video',70,'video',70,NULL,NULL,205,1486897320),
	(453,'video',71,'video',71,NULL,NULL,205,1486897632),
	(454,'video',72,'video',72,NULL,NULL,5,1486948339),
	(455,'url',42,'url',42,NULL,NULL,5,1486955703),
	(456,'comment',900,'video',72,NULL,NULL,5,1486999768),
	(457,'comment',901,'video',72,900,NULL,5,1487000012),
	(458,'comment',902,'video',72,901,NULL,205,1487036040),
	(459,'comment',903,'video',72,902,NULL,205,1487036092),
	(460,'comment',904,'video',72,903,NULL,205,1487036151),
	(461,'comment',905,'video',72,903,NULL,205,1487036158),
	(462,'comment',906,'video',72,903,NULL,205,1487036167),
	(463,'comment',907,'video',72,903,NULL,205,1487036171),
	(464,'comment',908,'video',72,903,NULL,205,1487036179),
	(465,'comment',909,'video',72,908,NULL,205,1487036317),
	(466,'comment',910,'video',72,909,NULL,205,1487036383),
	(467,'comment',911,'video',72,910,NULL,205,1487036426),
	(468,'comment',912,'video',72,910,NULL,205,1487036434),
	(469,'comment',913,'video',72,910,NULL,205,1487036441),
	(470,'comment',914,'video',72,910,NULL,205,1487036452),
	(471,'comment',915,'video',72,914,NULL,205,1487039328),
	(472,'url',43,'url',43,NULL,NULL,5,1487060234),
	(474,'url',45,'url',45,NULL,NULL,5,1487060351),
	(475,'url',46,'url',46,NULL,NULL,5,1487060418),
	(476,'url',47,'url',47,NULL,NULL,5,1487060490),
	(478,'comment',919,'url',47,NULL,NULL,5,1487039328),
	(479,'comment',920,'url',47,NULL,NULL,5,1487039328),
	(539,'comment',980,'url',47,920,NULL,5,1487160396),
	(540,'comment',981,'video',72,915,NULL,5,1487160464),
	(545,'comment',986,'video',72,907,NULL,5,1487161830),
	(546,'comment',987,'video',72,981,NULL,5,1487161835),
	(548,'comment',989,'video',72,NULL,NULL,5,1487161928),
	(549,'discussion',32,'video',72,NULL,NULL,5,1487162895),
	(550,'comment',990,'video',72,NULL,32,5,1487162918),
	(551,'video',73,'video',73,NULL,NULL,5,1487166982),
	(553,'comment',991,'video',73,NULL,NULL,5,1487168110),
	(554,'comment',992,'url',48,NULL,NULL,5,1487168164),
	(555,'comment',993,'url',48,NULL,NULL,5,1487176382),
	(556,'comment',994,'video',73,991,NULL,5,1487176403),
	(557,'comment',995,'video',72,906,NULL,5,1487176479),
	(558,'comment',996,'video',72,902,NULL,5,1487176981),
	(559,'comment',997,'video',72,902,NULL,5,1487177000),
	(561,'comment',998,'video',72,NULL,32,5,1487177644),
	(562,'comment',999,'video',72,NULL,32,5,1487177814),
	(563,'comment',1000,'url',48,993,NULL,5,1487179676),
	(586,'video',74,'video',74,NULL,NULL,5,1487340834),
	(587,'video',75,'video',75,NULL,NULL,5,1487341136),
	(588,'video',76,'video',76,NULL,NULL,5,1487341413),
	(589,'url',50,'url',50,NULL,NULL,5,1487344318),
	(590,'url',51,'url',51,NULL,NULL,5,1487344491),
	(606,'comment',1037,'video',76,NULL,NULL,5,1487411101),
	(607,'comment',1038,'video',76,1037,NULL,5,1487411104),
	(608,'comment',1039,'video',76,1038,NULL,5,1487411158),
	(609,'comment',1040,'video',76,1037,NULL,5,1487411162),
	(610,'comment',1041,'video',76,NULL,NULL,5,1487411170),
	(611,'comment',1042,'video',76,1037,NULL,205,1487411386),
	(612,'comment',1043,'video',76,1040,NULL,205,1487411389),
	(613,'comment',1044,'video',76,1039,NULL,205,1487411393),
	(614,'comment',1045,'video',76,1037,NULL,205,1487411419),
	(615,'comment',1046,'video',76,1038,NULL,205,1487411445),
	(616,'discussion',33,'video',76,NULL,NULL,205,1487487117),
	(617,'comment',1047,'video',76,NULL,33,205,1487487121),
	(618,'comment',1048,'video',76,1047,33,205,1487487124),
	(619,'comment',1049,'video',76,1047,33,205,1487487127),
	(620,'comment',1050,'video',76,1047,33,205,1487487129),
	(621,'comment',1051,'video',76,1050,33,205,1487487139),
	(622,'comment',1052,'video',76,1050,33,205,1487487143),
	(623,'comment',1053,'video',76,1050,33,205,1487489036),
	(624,'comment',1054,'video',76,1050,33,205,1487489047),
	(625,'comment',1055,'video',76,1050,33,205,1487489075),
	(626,'comment',1056,'video',76,1037,NULL,205,1487493185),
	(627,'comment',1057,'video',76,1050,33,205,1487493211),
	(628,'comment',1058,'video',76,1047,33,205,1487493234),
	(629,'comment',1059,'video',76,1047,33,205,1487493947),
	(630,'comment',1060,'video',76,1050,33,205,1487493955),
	(631,'discussion',34,'video',76,NULL,NULL,5,1487596383),
	(632,'video',77,'video',77,NULL,NULL,5,1487640338),
	(633,'comment',1061,'video',77,NULL,NULL,5,1487759181),
	(634,'comment',1062,'video',77,NULL,NULL,5,1487759307),
	(635,'comment',1063,'video',77,NULL,NULL,5,1487759308),
	(636,'comment',1064,'video',77,NULL,NULL,5,1487759309),
	(637,'comment',1065,'video',77,NULL,NULL,5,1487759338),
	(638,'comment',1066,'video',77,NULL,NULL,5,1487759339),
	(639,'comment',1067,'video',77,NULL,NULL,5,1487759340),
	(640,'comment',1068,'video',77,NULL,NULL,5,1487759341),
	(641,'comment',1069,'video',77,NULL,NULL,5,1487759342),
	(642,'comment',1070,'video',77,NULL,NULL,5,1487759343),
	(643,'comment',1071,'video',77,NULL,NULL,5,1487759344),
	(644,'comment',1072,'video',77,NULL,NULL,5,1487759345),
	(645,'comment',1073,'video',77,NULL,NULL,5,1487759346),
	(646,'comment',1074,'video',77,NULL,NULL,5,1487759347),
	(647,'comment',1075,'video',77,NULL,NULL,5,1487759348),
	(648,'comment',1076,'video',77,NULL,NULL,5,1487759349),
	(649,'comment',1077,'video',77,NULL,NULL,5,1487759350),
	(650,'comment',1078,'video',77,NULL,NULL,5,1487759351),
	(651,'comment',1079,'video',77,NULL,NULL,5,1487759352),
	(652,'comment',1080,'video',77,NULL,NULL,5,1487759354),
	(653,'comment',1081,'video',77,NULL,NULL,5,1487759355),
	(654,'comment',1082,'video',77,NULL,NULL,5,1487759356),
	(655,'comment',1083,'video',77,NULL,NULL,5,1487759357),
	(656,'comment',1084,'video',77,NULL,NULL,5,1487759358),
	(657,'comment',1085,'video',77,NULL,NULL,5,1487759359),
	(658,'comment',1086,'video',77,NULL,NULL,5,1487759360),
	(659,'comment',1087,'video',77,NULL,NULL,5,1487759362),
	(660,'comment',1088,'video',77,NULL,NULL,5,1487759363),
	(661,'comment',1089,'video',77,NULL,NULL,5,1487759364),
	(662,'comment',1090,'video',77,NULL,NULL,5,1487759365),
	(663,'comment',1091,'video',77,NULL,NULL,5,1487759366),
	(664,'comment',1092,'video',77,NULL,NULL,5,1487759367),
	(665,'comment',1093,'url',50,NULL,NULL,5,1487760358),
	(666,'comment',1094,'url',50,NULL,NULL,5,1487760538),
	(670,'comment',1098,'video',6,NULL,NULL,5,1487760768),
	(671,'comment',1099,'video',6,NULL,NULL,5,1487760804),
	(672,'comment',1100,'video',13,NULL,NULL,5,1487760827),
	(673,'comment',1101,'video',13,NULL,NULL,5,1487760830),
	(675,'comment',1103,'url',51,NULL,NULL,5,1487761749),
	(676,'comment',1104,'url',51,1103,NULL,5,1487764695),
	(677,'comment',1105,'url',51,1103,NULL,5,1487764758),
	(678,'comment',1106,'url',51,1104,NULL,5,1487764780),
	(680,'comment',1108,'url',51,1103,NULL,5,1487765139),
	(681,'comment',1109,'video',51,1106,NULL,5,1487765144),
	(682,'comment',1110,'video',77,1089,NULL,5,1487765163),
	(683,'comment',1111,'video',77,1110,NULL,5,1487765167),
	(684,'comment',1112,'video',77,1090,NULL,5,1487765177),
	(685,'comment',1113,'video',77,1112,NULL,5,1487765180),
	(686,'comment',1114,'url',50,1094,NULL,5,1487765190),
	(687,'comment',1115,'url',50,1114,NULL,5,1487765193),
	(688,'comment',1116,'url',50,1115,NULL,5,1487765441),
	(689,'comment',1117,'video',13,1107,NULL,5,1487765459),
	(690,'comment',1118,'video',13,1101,NULL,5,1487765461),
	(692,'comment',1120,'video',13,1119,NULL,5,1487765484),
	(694,'comment',1122,'video',13,1117,NULL,5,1487765546),
	(695,'comment',1123,'video',13,1107,NULL,5,1487765550),
	(696,'comment',1124,'video',13,1101,NULL,5,1487765561),
	(698,'comment',1126,'video',13,1124,NULL,5,1487765637),
	(699,'comment',1127,'url',50,1115,NULL,5,1487765651),
	(700,'comment',1128,'url',50,1116,NULL,5,1487765655),
	(701,'comment',1129,'url',50,1127,NULL,5,1487765658),
	(702,'comment',1130,'video',13,1126,NULL,5,1487765746),
	(703,'comment',1131,'video',13,1126,NULL,5,1487765757),
	(704,'comment',1132,'video',13,1101,NULL,5,1487767295),
	(705,'comment',1133,'video',13,1131,NULL,5,1487767300),
	(706,'comment',1134,'video',76,NULL,34,5,1487847116),
	(707,'comment',1135,'video',76,NULL,34,5,1487847129),
	(708,'comment',1136,'video',76,1135,34,5,1487847198),
	(709,'comment',1137,'video',76,1135,34,5,1487847258),
	(710,'comment',1138,'video',76,1135,34,5,1487850194),
	(711,'comment',1139,'video',76,1135,34,5,1487850237),
	(712,'comment',1140,'video',76,1139,34,5,1487850258),
	(717,'comment',1145,'video',76,NULL,NULL,5,1487850987),
	(718,'comment',1146,'video',76,1145,NULL,5,1487850995),
	(720,'comment',1148,'video',76,1134,34,5,1487851035),
	(725,'comment',1153,'video',76,1047,NULL,5,1487851521),
	(726,'comment',1154,'video',76,1135,34,5,1487851744),
	(727,'comment',1155,'video',76,1140,34,5,1487851748),
	(728,'comment',1156,'video',51,NULL,NULL,5,1487855945),
	(729,'comment',1157,'url',51,NULL,NULL,5,1487855956),
	(730,'comment',1158,'url',51,NULL,NULL,5,1487856028),
	(731,'comment',1159,'url',51,1158,NULL,5,1487856037),
	(732,'comment',1160,'url',51,1158,NULL,5,1487856611),
	(733,'comment',1161,'video',77,NULL,NULL,5,1487865525),
	(738,'comment',1166,'video',76,NULL,NULL,5,1487866377),
	(741,'comment',1169,'video',77,1161,NULL,5,1487867040),
	(742,'comment',1170,'video',77,NULL,NULL,5,1487867042),
	(743,'comment',1171,'video',77,NULL,NULL,5,1487867045),
	(744,'comment',1172,'url',51,NULL,NULL,5,1487867735),
	(745,'comment',1173,'url',51,1172,NULL,5,1487867742),
	(746,'comment',1174,'video',76,NULL,34,5,1487867750),
	(747,'comment',1175,'video',76,1174,34,5,1487920952),
	(748,'comment',1176,'video',76,1047,33,5,1487920972),
	(749,'comment',1177,'video',76,1176,33,205,1487950427),
	(750,'comment',1178,'video',76,1177,33,205,1487951026),
	(751,'video',78,'video',78,NULL,NULL,5,1489412749),
	(752,'video',79,'video',79,NULL,NULL,5,1491818260),
	(755,'video',82,'video',82,NULL,NULL,5,1492477963),
	(756,'comment',1179,'video',7,NULL,NULL,5,1492871336),
	(757,'video',83,'video',83,NULL,NULL,5,1493012113),
	(758,'comment',1180,'video',83,NULL,NULL,5,1493012168),
	(762,'video',85,'video',85,NULL,NULL,5,1493357115),
	(763,'url',52,'url',52,NULL,NULL,5,1493545446),
	(768,'like',259,'comment',1180,NULL,NULL,5,1494305350),
	(769,'like',260,'video',85,NULL,NULL,5,1494306588),
	(770,'like',261,'video',6,NULL,NULL,205,1494306612),
	(773,'like',264,'video',84,NULL,NULL,205,1494306760),
	(774,'like',265,'video',85,NULL,NULL,205,1494306764),
	(775,'like',266,'url',52,NULL,NULL,205,1494307313),
	(776,'like',267,'comment',999,NULL,NULL,205,1494318750),
	(777,'like',268,'url',50,NULL,NULL,5,1494402916),
	(778,'comment',1181,'video',83,1180,NULL,205,1494762925),
	(779,'video',86,'video',86,NULL,NULL,205,1494763058),
	(780,'comment',1182,'video',86,NULL,NULL,5,1494763072),
	(781,'comment',1183,'video',86,1182,NULL,205,1494763085),
	(782,'comment',1184,'video',86,1183,NULL,5,1494765865),
	(783,'comment',1185,'video',76,NULL,34,205,1494830117),
	(784,'comment',1186,'video',76,1174,34,205,1494830125),
	(785,'comment',1187,'video',76,1175,34,205,1494830128),
	(786,'discussion',35,'video',86,NULL,NULL,5,1494830184),
	(787,'comment',1188,'video',86,NULL,35,205,1494830210),
	(788,'comment',1189,'video',86,NULL,35,205,1494832404),
	(793,'like',273,'video',6,NULL,NULL,5,1494919020),
	(794,'like',274,'video',84,NULL,NULL,5,1494948873),
	(795,'like',275,'video',70,NULL,NULL,5,1494948996),
	(796,'like',276,'video',70,NULL,NULL,215,1494949089),
	(797,'like',277,'video',70,NULL,NULL,205,1494949101),
	(799,'like',279,'video',86,NULL,NULL,5,1494949363),
	(800,'like',280,'video',55,NULL,NULL,5,1495019925),
	(801,'like',281,'video',72,NULL,NULL,215,1495032511),
	(802,'like',282,'video',16,NULL,NULL,215,1495037386),
	(803,'comment',1190,'video',86,NULL,NULL,5,1495240843),
	(804,'comment',1191,'video',84,NULL,NULL,5,1495789821),
	(805,'comment',1192,'video',86,1190,NULL,205,1496053748),
	(806,'video',87,'video',87,NULL,NULL,5,1496073824),
	(807,'video',88,'video',88,NULL,NULL,5,1496115598),
	(810,'like',285,'comment',1192,NULL,NULL,5,1496919849),
	(811,'comment',1193,'video',86,1192,NULL,215,1497146571),
	(812,'url',53,'url',53,NULL,NULL,5,1497229125),
	(813,'video',89,'video',89,NULL,NULL,5,1497342678),
	(814,'comment',1194,'video',6,1099,NULL,5,1497430257),
	(815,'video',90,'video',90,NULL,NULL,5,1498106581),
	(816,'video',91,'video',91,NULL,NULL,5,1498471305),
	(817,'url',54,'url',54,NULL,NULL,5,1498471319),
	(818,'video',92,'video',92,NULL,NULL,5,1498471934),
	(820,'comment',1196,'url',52,NULL,NULL,5,1498881132),
	(821,'comment',1197,'url',37,NULL,NULL,5,1498881337),
	(822,'comment',1198,'url',37,NULL,NULL,5,1498881514),
	(823,'comment',1199,'url',53,NULL,NULL,5,1498881525),
	(824,'comment',1200,'url',53,NULL,NULL,5,1498881705),
	(825,'comment',1201,'url',43,NULL,NULL,5,1498881720),
	(826,'url',55,'url',55,NULL,NULL,5,1499154527),
	(827,'comment',1202,'url',55,NULL,NULL,5,1499154546),
	(828,'video',93,'video',93,NULL,NULL,5,1499237973),
	(829,'video',94,'video',94,NULL,NULL,5,1499237986),
	(830,'url',56,'url',56,NULL,NULL,5,1499789458);

/*!40000 ALTER TABLE `noti_feeds` ENABLE KEYS */;
UNLOCK TABLES;


# Dump of table users
# ------------------------------------------------------------

DROP TABLE IF EXISTS `users`;

CREATE TABLE `users` (
  `id` int(11) unsigned NOT NULL AUTO_INCREMENT,
  `username` varchar(200) DEFAULT NULL,
  `realName` varchar(200) DEFAULT NULL,
  `class` varchar(200) DEFAULT NULL,
  `email` varchar(200) DEFAULT NULL,
  `userType` varchar(100) DEFAULT NULL,
  `joinDate` bigint(11) unsigned DEFAULT NULL,
  `password` varchar(100) DEFAULT NULL,
  `lastChannelId` int(11) unsigned DEFAULT NULL,
  `profileFirstRow` varchar(200) DEFAULT NULL,
  `profileSecondRow` varchar(200) DEFAULT NULL,
  `profileThirdRow` varchar(200) DEFAULT NULL,
  `online` tinyint(11) DEFAULT '0',
  `lastActive` bigint(11) DEFAULT NULL,
  PRIMARY KEY (`id`)
) ENGINE=InnoDB DEFAULT CHARSET=utf8;

LOCK TABLES `users` WRITE;
/*!40000 ALTER TABLE `users` DISABLE KEYS */;

INSERT INTO `users` (`id`, `username`, `realName`, `class`, `email`, `userType`, `joinDate`, `password`, `lastChannelId`, `profileFirstRow`, `profileSecondRow`, `profileThirdRow`, `online`, `lastActive`)
VALUES
	(5,'mikey','Mikey Langelo',NULL,'twinkle.mikey@gmail.com','master',NULL,'sha1$a1b4e5d8$1$9d276b32dfd2bd1aeabbde0c7d9f4b40820f16a8',2,'hello i have a youtube channel lollollollollollollollollollollollollollollollollollollollollollollollollollollollollollollollollollollollollollollol','my favorite activity is recording (even though im not making videos much), my favorite books are gaming and magic tree house books.I like Minecraft!','i go to gaeil. im now 5th. i like arts. I like talking about facts and theories',1,1499789101),
	(205,'charlie','Charlie Shin',NULL,'twinkle.teacher@gmail.com','teacher',1459947370,'sha1$bb97bb36$1$bf37ba395a3a281fe6f60dac9df35700926cc0c2',753,'This is Miles. I\'m a linguist, which is a kind of scientist who studies languages. I am also a teacher here at Twin.kle.','','',0,1497157462),
	(206,'user','mike Ser',NULL,NULL,'user',1459947427,'sha1$7d1504e0$1$853f1b45bbe54f120bdef7a7c187edd992ae8dd3',NULL,NULL,NULL,NULL,0,NULL),
	(208,'testingsignup','Testing Signup',NULL,'twinkle.contact@gmail.com','teacher',1461661347,'sha1$bd66bf25$1$e7eab82f167ef1ab1fac89b357484d234d600627',211,NULL,NULL,NULL,0,NULL),
	(209,'student','Studious Lee',NULL,'','user',1463215894,'sha1$eaa3076d$1$f20549e534f34cf04fe4a3c7110ab4e959f76825',213,NULL,NULL,NULL,0,NULL),
	(210,'micky','Micky Kim',NULL,'twinkle.teacher@gmail.com','teacher',1463216295,'sha1$f0bf8d2f$1$1b7c86637ad83c47467ed6a532c9f3bff9c9bc2c',208,NULL,NULL,NULL,0,NULL),
	(211,'trulynewaccount','New Teacher',NULL,NULL,'teacher',1463216636,'sha1$d990a2ab$1$37311f327f2bae2a1e97a5f05cd3cd8c6d0bcc5a',230,NULL,NULL,NULL,0,NULL),
	(212,'mikey1384','Test Mikey',NULL,NULL,'teacher',1463375011,'sha1$fccb3959$1$5c769a8b5161fb4f74bfa77bdff0166991b62111',220,NULL,NULL,NULL,0,NULL),
	(214,'lowercase','Case Lower',NULL,'twinkle.andrew@gmail.com','teacher',1463467858,'sha1$739999fa$1$c7f9de1822a227665dcbce493dd45b19ce196701',NULL,NULL,NULL,NULL,0,NULL),
	(215,'tommy','Tommy Lee',NULL,NULL,'master',1463720113,'sha1$45181260$1$79c47e8a461e327eabf5724710beb3cfb51bf12c',2,NULL,NULL,NULL,0,1499747670),
	(216,'testoalgobony','Testo Algoboni',NULL,NULL,'master',1465222454,'sha1$0af2b53e$1$bd9920873fb06b463f76d32c44a942a19e5d4fe5',750,NULL,NULL,NULL,0,NULL),
	(217,'newtoken','Token New',NULL,NULL,'user',1465399275,'sha1$a14b53a5$1$1f602cb292419192af2c5a1acb107ed233ff32e2',NULL,NULL,NULL,NULL,0,NULL),
	(218,'andrew','Andrew Park',NULL,'twinkle.andrew@gmail.com','teacher',1466181267,'sha1$a0a00e01$1$7813f8108d1bfed1cf13a6a65c45bd11c5b6135d',2,NULL,NULL,NULL,0,1499780252),
	(219,'jimmy','Jimmy Kim',NULL,NULL,'user',1466957452,'sha1$23ccc837$1$60e45a47faef694cbd27456d8d1d21b75015280c',109,NULL,NULL,NULL,0,NULL),
	(221,'jinny','Jinny Lee',NULL,NULL,'user',1469521492,'sha1$ba8569ae$1$0255f65abc764e871be9d8e432a04752bd9a7689',204,NULL,NULL,NULL,0,NULL),
	(222,'helloworld','Hello World',NULL,NULL,'user',1469591201,'sha1$9738233b$1$1fe2c8b44224f41bd9377d1bf6029f7372dcef59',207,NULL,NULL,NULL,0,NULL),
	(223,'kate','Kate Brown',NULL,'twinkle.kate@gmail.com','teacher',1469592069,'sha1$6680a2be$1$9e49f1d6c39cee4793f4bf99a92a4d0a313549fd',NULL,NULL,NULL,NULL,0,NULL),
	(224,'random','Ran Dom',NULL,NULL,'user',1474323175,'sha1$e4294f00$1$e5eb5a445be946a909b349975fd2fb5d274680f1',NULL,NULL,NULL,NULL,0,NULL),
	(225,'sillymonkeyshyejunek','Com Ment',NULL,NULL,'user',1474323219,'sha1$9477a254$1$e023f009caa41a3c2d666cd72d015d08822cbea7',221,NULL,NULL,NULL,0,NULL),
	(226,'sonic','Sonic Shin',NULL,NULL,'user',1475968564,'sha1$9ea15458$1$acd6490023ff2d0e6ccefefdd7bd5639b9799fe5',NULL,NULL,NULL,NULL,0,NULL),
	(227,'profilepictest','ProfilePic Test',NULL,NULL,'user',1482139724,'sha1$85fd692b$1$00a5c18bf502431a841c84c0cec0f5feb6b046c3',227,NULL,NULL,NULL,0,NULL),
	(228,'perry','Perry Penguin',NULL,NULL,'user',1482770650,'sha1$796d2186$1$0615a514a2089c4237fc508a31d1e2e14e27de1b',243,NULL,NULL,NULL,0,NULL),
	(229,'leo1384','Leo Park',NULL,NULL,'user',1485256651,'sha1$5f8b3776$1$1efb19088465827dff1dd03b5b8acadd46047874',248,NULL,NULL,NULL,0,NULL),
	(230,'noma','Noma Lee',NULL,NULL,'user',1485437877,'sha1$5e80861c$1$74964c9b1dbd8d69d9b379c60125387bbfc60375',2,NULL,NULL,NULL,0,NULL),
	(231,'facebook','Face BOOK',NULL,NULL,'user',1487583819,'sha1$9f88203e$1$46a6104963ffb95f6e722ce523d56a1f248d45a2',NULL,NULL,NULL,NULL,0,NULL),
	(232,'dave','Dave Chung',NULL,NULL,'user',1488357026,'sha1$af6c118d$1$a0c8a590267a69110c615d0a80a31e0a34c8543c',822,NULL,NULL,NULL,0,NULL),
	(233,'newsignupdone','Fdas Fdsa',NULL,'',NULL,1493049797,'sha1$bc341034$1$47318cbf4c62621682da411499179ad1ab21e937',NULL,NULL,NULL,NULL,0,NULL),
	(234,'hoyoung','Hoyoung Park',NULL,'',NULL,1499315707,'sha1$ff0f3e40$1$52b255a09f29f83dc3c66493b5cd6489a738d18d',NULL,NULL,NULL,NULL,0,1499315713),
	(235,'nice','Nice Profile',NULL,'',NULL,1499584621,'sha1$b85cf2c6$1$3e2bf6255e50df9bde0642c1190c096d37f1ab26',2,NULL,NULL,NULL,0,1499588783);

/*!40000 ALTER TABLE `users` ENABLE KEYS */;
UNLOCK TABLES;


# Dump of table users_actions
# ------------------------------------------------------------

DROP TABLE IF EXISTS `users_actions`;

CREATE TABLE `users_actions` (
  `id` int(11) unsigned NOT NULL AUTO_INCREMENT,
  `userId` int(11) DEFAULT NULL,
  `action` varchar(200) COLLATE utf8mb4_unicode_ci DEFAULT NULL,
  `target` varchar(200) COLLATE utf8mb4_unicode_ci DEFAULT NULL,
  `subTarget` varchar(200) COLLATE utf8mb4_unicode_ci DEFAULT NULL,
  `method` varchar(200) COLLATE utf8mb4_unicode_ci DEFAULT NULL,
  `userAgent` varchar(500) COLLATE utf8mb4_unicode_ci DEFAULT NULL,
  `ip` varchar(500) COLLATE utf8mb4_unicode_ci DEFAULT NULL,
  `timeStamp` bigint(11) DEFAULT NULL,
  PRIMARY KEY (`id`)
) ENGINE=InnoDB DEFAULT CHARSET=utf8mb4 COLLATE=utf8mb4_unicode_ci;

LOCK TABLES `users_actions` WRITE;
/*!40000 ALTER TABLE `users_actions` DISABLE KEYS */;

INSERT INTO `users_actions` (`id`, `userId`, `action`, `target`, `subTarget`, `method`, `userAgent`, `ip`, `timeStamp`)
VALUES
	(1,NULL,'enter','website',NULL,'default',NULL,NULL,NULL),
	(2,NULL,'enter','website',NULL,'default',NULL,NULL,NULL),
	(3,NULL,'enter','website',NULL,'default',NULL,NULL,NULL),
	(4,NULL,'enter','website',NULL,'default',NULL,NULL,NULL),
	(5,5,'enter','website',NULL,'default',NULL,NULL,NULL),
	(6,5,'enter','website',NULL,'default',NULL,NULL,NULL),
	(7,NULL,'enter','website',NULL,'default',NULL,NULL,NULL),
	(8,5,'enter','website',NULL,'default',NULL,NULL,NULL),
	(9,5,'enter','chat',NULL,'default',NULL,NULL,NULL),
	(10,5,'enter','website',NULL,'default',NULL,NULL,NULL),
	(11,NULL,'enter','website',NULL,'default',NULL,NULL,NULL),
	(12,5,'enter','chat',NULL,'default',NULL,NULL,NULL),
	(13,NULL,'enter','website',NULL,'default',NULL,NULL,NULL),
	(14,NULL,'enter','website',NULL,'default',NULL,NULL,NULL),
	(15,5,'enter','website',NULL,'default',NULL,NULL,NULL),
	(16,NULL,'enter','website',NULL,'default',NULL,NULL,NULL),
	(17,NULL,'enter','website',NULL,'default',NULL,NULL,NULL),
	(18,NULL,'enter','website',NULL,'default',NULL,NULL,NULL),
	(19,NULL,'enter','website',NULL,'default',NULL,NULL,NULL),
	(20,5,'enter','chat',NULL,'default',NULL,NULL,NULL),
	(21,5,'enter','website',NULL,'default',NULL,NULL,NULL),
	(22,5,'enter','website',NULL,'default',NULL,NULL,NULL),
	(23,5,'enter','website',NULL,'default',NULL,NULL,NULL),
	(24,5,'enter','website',NULL,'default',NULL,NULL,NULL),
	(25,5,'enter','website',NULL,'default',NULL,NULL,NULL),
	(26,5,'enter','website',NULL,'default',NULL,NULL,NULL),
	(27,NULL,'enter','website','/','default',NULL,NULL,NULL),
	(28,NULL,'enter','website','/videos','default',NULL,NULL,NULL),
	(29,NULL,'enter','website','/videos/3','default',NULL,NULL,NULL),
	(30,NULL,'enter','website','/videos/3','default',NULL,NULL,NULL),
	(31,NULL,'enter','website','/links','default',NULL,NULL,NULL),
	(32,NULL,'enter','website','/','default',NULL,NULL,NULL),
	(33,5,'enter','website','/','default',NULL,NULL,NULL),
	(34,5,'enter','website','/videos','default',NULL,NULL,NULL),
	(35,5,'enter','website','/','default',NULL,NULL,NULL),
	(36,5,'enter','website','/','default',NULL,NULL,NULL),
	(37,NULL,'enter','website','/','default',NULL,NULL,NULL),
	(38,NULL,'enter','website','/','default','Chrome 59.0.3071 / Mac OS X 10.12.6',NULL,NULL),
	(39,5,'enter','website','/','default','Chrome 59.0.3071 / Mac OS X 10.12.6',NULL,NULL),
	(40,5,'enter','website','/','default','Chrome 59.0.3071 / Mac OS X 10.12.6',NULL,1496940128),
	(41,5,'enter','website','/users/mikey','default','Chrome 59.0.3071 / Mac OS X 10.12.6',NULL,1496961268),
	(42,5,'enter','website','/links','default','Chrome 59.0.3071 / Mac OS X 10.12.6',NULL,1496961394),
	(43,5,'enter','website','/links','default','Chrome 59.0.3071 / Mac OS X 10.12.6',NULL,1496961398),
	(44,5,'enter','website','/','default','Chrome 59.0.3071 / Mac OS X 10.12.6',NULL,1496961420),
	(45,5,'enter','chat',NULL,'default',NULL,NULL,1496961453),
	(46,5,'enter','website','/videos','default','Chrome 59.0.3071 / Mac OS X 10.12.6',NULL,1496962269),
	(47,5,'enter','website','/videos','default','Chrome 59.0.3071 / Mac OS X 10.12.6',NULL,1496962372),
	(48,5,'enter','website','/users/mikey','default','Chrome 59.0.3071 / Mac OS X 10.12.6',NULL,1496962465),
	(49,5,'enter','website','/','default','Chrome 59.0.3071 / Mac OS X 10.12.6',NULL,1496962560),
	(50,5,'enter','website','/','default','Chrome 59.0.3071 / Mac OS X 10.12.6',NULL,1496962654),
	(51,5,'enter','website','/','default','Chrome 59.0.3071 / Mac OS X 10.12.6',NULL,1496962967),
	(52,5,'navigation','/users/mikey',NULL,NULL,'Chrome 59.0.3071 / Mac OS X 10.12.6',NULL,1496962970),
	(53,5,'navigation','/users',NULL,NULL,NULL,NULL,1496963072),
	(54,5,'navigation','/',NULL,NULL,NULL,NULL,1496963074),
	(55,5,'navigation','/videos',NULL,NULL,NULL,NULL,1496963075),
	(56,5,'navigation','/links',NULL,NULL,NULL,NULL,1496963102),
	(57,5,'navigation','/',NULL,NULL,NULL,NULL,1496963105),
	(58,5,'enter','website','/','default','Chrome 59.0.3071 / Mac OS X 10.12.6',NULL,1496963822),
	(59,5,'enter','website','/','default','Chrome 59.0.3071 / Mac OS X 10.12.6',NULL,1496966760),
	(60,5,'enter','website','/','default','Chrome 59.0.3071 / Mac OS X 10.12.6',NULL,1496966763),
	(61,5,'enter','website','/users/mikey','default','Chrome 59.0.3071 / Mac OS X 10.12.6',NULL,1496966894),
	(62,5,'navigation','/',NULL,NULL,NULL,NULL,1496966900),
	(63,5,'navigation','/videos',NULL,NULL,NULL,NULL,1496966910),
	(64,5,'navigation','/videos/86',NULL,NULL,NULL,NULL,1496966962),
	(65,5,'search','video','85',NULL,'Chrome 59.0.3071 / Mac OS X 10.12.6',NULL,1496967338),
	(66,5,'navigation','/videos/85',NULL,NULL,'Chrome 59.0.3071 / Mac OS X 10.12.6',NULL,1496967339),
	(67,5,'enter','website','/','default','Chrome 59.0.3071 / Mac OS X 10.12.6',NULL,1496967843),
	(68,5,'navigation','/links',NULL,NULL,'Chrome 59.0.3071 / Mac OS X 10.12.6',NULL,1496967853),
	(69,5,'search','link','52',NULL,'Chrome 59.0.3071 / Mac OS X 10.12.6',NULL,1496967856),
	(70,5,'navigation','/links/52',NULL,NULL,'Chrome 59.0.3071 / Mac OS X 10.12.6',NULL,1496967856),
	(71,5,'search','link','48',NULL,'Chrome 59.0.3071 / Mac OS X 10.12.6',NULL,1496967873),
	(72,5,'navigation','/links/48',NULL,NULL,'Chrome 59.0.3071 / Mac OS X 10.12.6',NULL,1496967873),
	(73,5,'enter','website','/links/48','default','Chrome 59.0.3071 / Mac OS X 10.12.6',NULL,1496967881),
	(74,5,'navigation','/',NULL,NULL,'Chrome 59.0.3071 / Mac OS X 10.12.6',NULL,1496967886),
	(75,5,'search','link','48',NULL,'Chrome 59.0.3071 / Mac OS X 10.12.6',NULL,1496967889),
	(76,5,'navigation','/links/48',NULL,NULL,'Chrome 59.0.3071 / Mac OS X 10.12.6',NULL,1496967889),
	(77,5,'navigation','/links/28',NULL,NULL,'Chrome 59.0.3071 / Mac OS X 10.12.6',NULL,1496967997),
	(78,5,'search','link','28',NULL,'Chrome 59.0.3071 / Mac OS X 10.12.6',NULL,1496967997),
	(79,5,'enter','website','/links/28','default','Chrome 59.0.3071 / Mac OS X 10.12.6',NULL,1496968012),
	(80,5,'search','video','88',NULL,'Chrome 59.0.3071 / Mac OS X 10.12.6',NULL,1496968017),
	(81,5,'navigation','/videos/88',NULL,NULL,'Chrome 59.0.3071 / Mac OS X 10.12.6',NULL,1496968018),
	(82,5,'search','link','48',NULL,'Chrome 59.0.3071 / Mac OS X 10.12.6',NULL,1496968027),
	(83,5,'navigation','/links/48',NULL,NULL,'Chrome 59.0.3071 / Mac OS X 10.12.6',NULL,1496968027),
	(84,5,'search','link','48',NULL,'Chrome 59.0.3071 / Mac OS X 10.12.6',NULL,1496968199),
	(85,5,'navigation','/links/48',NULL,NULL,'Chrome 59.0.3071 / Mac OS X 10.12.6',NULL,1496968199),
	(86,5,'enter','website','/','default','Chrome 59.0.3071 / Mac OS X 10.12.6',NULL,1496968877),
	(87,5,'search','link','28',NULL,'Chrome 59.0.3071 / Mac OS X 10.12.6',NULL,1496968884),
	(88,5,'enter','website','/links/28','default','Chrome 59.0.3071 / Mac OS X 10.12.6',NULL,1496969031),
	(89,5,'search','link','48',NULL,'Chrome 59.0.3071 / Mac OS X 10.12.6',NULL,1496969035),
	(90,5,'navigation','/links/48',NULL,NULL,'Chrome 59.0.3071 / Mac OS X 10.12.6',NULL,1496969035),
	(91,5,'search','link','50',NULL,'Chrome 59.0.3071 / Mac OS X 10.12.6',NULL,1496969044),
	(92,5,'navigation','/links/50',NULL,NULL,'Chrome 59.0.3071 / Mac OS X 10.12.6',NULL,1496969044),
	(93,5,'navigation','/links',NULL,NULL,'Chrome 59.0.3071 / Mac OS X 10.12.6',NULL,1496969052),
	(94,5,'navigation','/links/51',NULL,NULL,'Chrome 59.0.3071 / Mac OS X 10.12.6',NULL,1496969055),
	(95,5,'search','link','50',NULL,'Chrome 59.0.3071 / Mac OS X 10.12.6',NULL,1496969060),
	(96,5,'navigation','/links/50',NULL,NULL,'Chrome 59.0.3071 / Mac OS X 10.12.6',NULL,1496969060),
	(97,5,'enter','website','/links/51','default','Chrome 59.0.3071 / Mac OS X 10.12.6',NULL,1496969166),
	(98,5,'search','link','48',NULL,'Chrome 59.0.3071 / Mac OS X 10.12.6',NULL,1496969267),
	(99,5,'navigation','/links/48',NULL,NULL,'Chrome 59.0.3071 / Mac OS X 10.12.6',NULL,1496969267),
	(100,5,'enter','website','/links/48','default','Chrome 59.0.3071 / Mac OS X 10.12.6',NULL,1496969313),
	(101,5,'search','link','50',NULL,'Chrome 59.0.3071 / Mac OS X 10.12.6',NULL,1496969324),
	(102,5,'navigation','/links/50',NULL,NULL,'Chrome 59.0.3071 / Mac OS X 10.12.6',NULL,1496969324),
	(103,5,'search','link','48',NULL,'Chrome 59.0.3071 / Mac OS X 10.12.6',NULL,1496969418),
	(104,5,'navigation','/links/48',NULL,NULL,'Chrome 59.0.3071 / Mac OS X 10.12.6',NULL,1496969418),
	(105,5,'navigation','/links',NULL,NULL,'Chrome 59.0.3071 / Mac OS X 10.12.6',NULL,1496969515),
	(106,5,'navigation','/links/50',NULL,NULL,'Chrome 59.0.3071 / Mac OS X 10.12.6',NULL,1496969518),
	(107,5,'search','link','48',NULL,'Chrome 59.0.3071 / Mac OS X 10.12.6',NULL,1496969523),
	(108,5,'navigation','/links/48',NULL,NULL,'Chrome 59.0.3071 / Mac OS X 10.12.6',NULL,1496969523),
	(109,5,'enter','website','/links/50','default','Chrome 59.0.3071 / Mac OS X 10.12.6',NULL,1496969553),
	(110,5,'search','link','48',NULL,'Chrome 59.0.3071 / Mac OS X 10.12.6',NULL,1496969608),
	(111,5,'navigation','/links/48',NULL,NULL,'Chrome 59.0.3071 / Mac OS X 10.12.6',NULL,1496969608),
	(112,5,'navigation','/links',NULL,NULL,'Chrome 59.0.3071 / Mac OS X 10.12.6',NULL,1496969616),
	(113,5,'navigation','/links/50',NULL,NULL,'Chrome 59.0.3071 / Mac OS X 10.12.6',NULL,1496969619),
	(114,5,'search','link','50',NULL,'Chrome 59.0.3071 / Mac OS X 10.12.6',NULL,1496969624),
	(115,5,'navigation','/links/50',NULL,NULL,'Chrome 59.0.3071 / Mac OS X 10.12.6',NULL,1496969624),
	(116,5,'navigation','/videos',NULL,NULL,'Chrome 59.0.3071 / Mac OS X 10.12.6',NULL,1496969639),
	(117,5,'search','link','50',NULL,'Chrome 59.0.3071 / Mac OS X 10.12.6',NULL,1496969642),
	(118,5,'navigation','/links/50',NULL,NULL,'Chrome 59.0.3071 / Mac OS X 10.12.6',NULL,1496969642),
	(119,5,'enter','website','/links/50','default','Chrome 59.0.3071 / Mac OS X 10.12.6',NULL,1496969706),
	(120,5,'search','link','50',NULL,'Chrome 59.0.3071 / Mac OS X 10.12.6',NULL,1496969710),
	(121,5,'navigation','/links/50',NULL,NULL,'Chrome 59.0.3071 / Mac OS X 10.12.6',NULL,1496969710),
	(122,5,'search','link','50',NULL,'Chrome 59.0.3071 / Mac OS X 10.12.6',NULL,1496969787),
	(123,5,'navigation','/links/50',NULL,NULL,'Chrome 59.0.3071 / Mac OS X 10.12.6',NULL,1496969788),
	(124,5,'enter','website','/links/50','default','Chrome 59.0.3071 / Mac OS X 10.12.6',NULL,1496969793),
	(125,5,'navigation','/videos',NULL,NULL,'Chrome 59.0.3071 / Mac OS X 10.12.6',NULL,1496969810),
	(126,5,'navigation','/videos/85',NULL,NULL,'Chrome 59.0.3071 / Mac OS X 10.12.6',NULL,1496969813),
	(127,5,'navigation','/videos/86',NULL,NULL,'Chrome 59.0.3071 / Mac OS X 10.12.6',NULL,1496969816),
	(128,5,'search','video','86',NULL,'Chrome 59.0.3071 / Mac OS X 10.12.6',NULL,1496969824),
	(129,5,'navigation','/videos/86',NULL,NULL,'Chrome 59.0.3071 / Mac OS X 10.12.6',NULL,1496969824),
	(130,5,'search','video','86',NULL,'Chrome 59.0.3071 / Mac OS X 10.12.6',NULL,1496969835),
	(131,5,'navigation','/videos/86',NULL,NULL,'Chrome 59.0.3071 / Mac OS X 10.12.6',NULL,1496969835),
	(132,5,'search','video','85',NULL,'Chrome 59.0.3071 / Mac OS X 10.12.6',NULL,1496969849),
	(133,5,'navigation','/videos/85',NULL,NULL,'Chrome 59.0.3071 / Mac OS X 10.12.6',NULL,1496969849),
	(134,5,'search','video','86',NULL,'Chrome 59.0.3071 / Mac OS X 10.12.6',NULL,1496969999),
	(135,5,'navigation','/videos/86',NULL,NULL,'Chrome 59.0.3071 / Mac OS X 10.12.6',NULL,1496969999),
	(136,5,'search','video','86',NULL,'Chrome 59.0.3071 / Mac OS X 10.12.6',NULL,1496970042),
	(137,5,'navigation','/videos/86',NULL,NULL,'Chrome 59.0.3071 / Mac OS X 10.12.6',NULL,1496970043),
	(138,5,'navigation','/links',NULL,NULL,'Chrome 59.0.3071 / Mac OS X 10.12.6',NULL,1496970077),
	(139,5,'navigation','/links/51',NULL,NULL,'Chrome 59.0.3071 / Mac OS X 10.12.6',NULL,1496970081),
	(140,5,'search','link','51',NULL,'Chrome 59.0.3071 / Mac OS X 10.12.6',NULL,1496970084),
	(141,5,'search','link','38',NULL,'Chrome 59.0.3071 / Mac OS X 10.12.6',NULL,1496970089),
	(142,5,'navigation','/links/38',NULL,NULL,'Chrome 59.0.3071 / Mac OS X 10.12.6',NULL,1496970089),
	(143,5,'search','link','51',NULL,'Chrome 59.0.3071 / Mac OS X 10.12.6',NULL,1496970106),
	(144,5,'enter','website','/','default','Chrome 59.0.3071 / Mac OS X 10.12.6',NULL,1496970364),
	(145,5,'search','link','51',NULL,'Chrome 59.0.3071 / Mac OS X 10.12.6',NULL,1496970373),
	(146,5,'navigation','/links/51',NULL,NULL,'Chrome 59.0.3071 / Mac OS X 10.12.6',NULL,1496970373),
	(147,5,'search','link','45',NULL,'Chrome 59.0.3071 / Mac OS X 10.12.6',NULL,1496970380),
	(148,5,'navigation','/links/45',NULL,NULL,'Chrome 59.0.3071 / Mac OS X 10.12.6',NULL,1496970380),
	(149,5,'search','link','48',NULL,'Chrome 59.0.3071 / Mac OS X 10.12.6',NULL,1496970463),
	(150,5,'navigation','/links/48',NULL,NULL,'Chrome 59.0.3071 / Mac OS X 10.12.6',NULL,1496970463),
	(151,5,'enter','website','/links/48','default','Chrome 59.0.3071 / Mac OS X 10.12.6',NULL,1496970562),
	(152,5,'search','link','38',NULL,'Chrome 59.0.3071 / Mac OS X 10.12.6',NULL,1496970570),
	(153,5,'navigation','/links/38',NULL,NULL,'Chrome 59.0.3071 / Mac OS X 10.12.6',NULL,1496970570),
	(154,5,'enter','website','/links/48','default','Chrome 59.0.3071 / Mac OS X 10.12.6',NULL,1496970672),
	(155,5,'search','link','37',NULL,'Chrome 59.0.3071 / Mac OS X 10.12.6',NULL,1496970678),
	(156,5,'navigation','/links/37',NULL,NULL,'Chrome 59.0.3071 / Mac OS X 10.12.6',NULL,1496970678),
	(157,5,'enter','website','/links/37','default','Chrome 59.0.3071 / Mac OS X 10.12.6',NULL,1496970958),
	(158,5,'search','link','48',NULL,'Chrome 59.0.3071 / Mac OS X 10.12.6',NULL,1496970964),
	(159,5,'navigation','/links/48',NULL,NULL,'Chrome 59.0.3071 / Mac OS X 10.12.6',NULL,1496970965),
	(160,5,'enter','website','/links/48','default','Chrome 59.0.3071 / Mac OS X 10.12.6',NULL,1496971071),
	(161,5,'search','link','51',NULL,'Chrome 59.0.3071 / Mac OS X 10.12.6',NULL,1496971076),
	(162,5,'navigation','/links/51',NULL,NULL,'Chrome 59.0.3071 / Mac OS X 10.12.6',NULL,1496971077),
	(163,5,'enter','website','/links/51','default','Chrome 59.0.3071 / Mac OS X 10.12.6',NULL,1496971607),
	(164,5,'enter','website','/links/51','default','Chrome 59.0.3071 / Mac OS X 10.12.6',NULL,1496973428),
	(165,5,'enter','website','/links/51','default','Chrome 59.0.3071 / Mac OS X 10.12.6',NULL,1496973465),
	(166,5,'enter','website','/links/51','default','Chrome 59.0.3071 / Mac OS X 10.12.6',NULL,1496973490),
	(167,5,'enter','website','/','default','Chrome 59.0.3071 / Mac OS X 10.12.6',NULL,1496976790),
	(168,5,'enter','website','/','default','Chrome 59.0.3071 / Mac OS X 10.12.6',NULL,1496976805),
	(169,5,'enter','website','/','default','Chrome 59.0.3071 / Mac OS X 10.12.6',NULL,1496976883),
	(170,5,'enter','website','/','default','Chrome 59.0.3071 / Mac OS X 10.12.6',NULL,1496976886),
	(171,5,'enter','website','/','default','Chrome 59.0.3071 / Mac OS X 10.12.6',NULL,1496977054),
	(172,5,'enter','website','/','default','Chrome 59.0.3071 / Mac OS X 10.12.6',NULL,1496977068),
	(173,5,'navigation','/videos',NULL,NULL,'Chrome 59.0.3071 / Mac OS X 10.12.6',NULL,1496977087),
	(174,5,'enter','website','/','default','Chrome 59.0.3071 / Mac OS X 10.12.6',NULL,1496977196),
	(175,5,'enter','website','/','default','Chrome 59.0.3071 / Mac OS X 10.12.6',NULL,1496977252),
	(176,5,'enter','website','/','default','Chrome 59.0.3071 / Mac OS X 10.12.6',NULL,1496977261),
	(177,5,'navigation','/users/mikey',NULL,NULL,'Chrome 59.0.3071 / Mac OS X 10.12.6',NULL,1496977263),
	(178,5,'enter','website','/','default','Chrome 59.0.3071 / Mac OS X 10.12.6',NULL,1496977391),
	(179,5,'navigation','/videos',NULL,NULL,'Chrome 59.0.3071 / Mac OS X 10.12.6',NULL,1496977395),
	(180,5,'enter','website','/','default','Chrome 59.0.3071 / Mac OS X 10.12.6',NULL,1496977484),
	(181,5,'enter','website','/','default','Chrome 59.0.3071 / Mac OS X 10.12.6',NULL,1496977518),
	(182,5,'leave','website',NULL,NULL,'Chrome 59.0.3071 / Mac OS X 10.12.6',NULL,1496977701),
	(183,5,'enter','website','/','default','Chrome 59.0.3071 / Mac OS X 10.12.6',NULL,1496977709),
	(184,5,'enter','website','/','default','Chrome 59.0.3071 / Mac OS X 10.12.6',NULL,1496977738),
	(185,5,'enter','website','/','default','Chrome 59.0.3071 / Mac OS X 10.12.6',NULL,1496977907),
	(186,5,'enter','website','/','default','Chrome 59.0.3071 / Mac OS X 10.12.6',NULL,1496977937),
	(187,5,'navigation','/users/mikey',NULL,NULL,'Chrome 59.0.3071 / Mac OS X 10.12.6',NULL,1496977940),
	(188,5,'enter','website','/','default','Chrome 59.0.3071 / Mac OS X 10.12.6',NULL,1496978098),
	(189,5,'navigation','/links',NULL,NULL,'Chrome 59.0.3071 / Mac OS X 10.12.6',NULL,1496978101),
	(190,5,'navigation','/',NULL,NULL,'Chrome 59.0.3071 / Mac OS X 10.12.6',NULL,1496978103),
	(191,5,'leave','website',NULL,NULL,NULL,NULL,1496978104),
	(192,5,'enter','website','/','default','Chrome 59.0.3071 / Mac OS X 10.12.6',NULL,1496984724),
	(193,5,'navigate','/videos',NULL,NULL,'Chrome 59.0.3071 / Mac OS X 10.12.6',NULL,1496984730),
	(194,5,'navigate','/',NULL,NULL,'Chrome 59.0.3071 / Mac OS X 10.12.6',NULL,1496984733),
	(195,5,'leave','website',NULL,NULL,NULL,NULL,1496984734),
	(196,5,'enter','website','/','default','Chrome 59.0.3071 / Mac OS X 10.12.6',NULL,1496984736),
	(197,5,'navigate','/videos',NULL,NULL,'Chrome 59.0.3071 / Mac OS X 10.12.6',NULL,1496984739),
	(198,5,'leave','website',NULL,NULL,NULL,NULL,1496984751),
	(199,5,'enter','website','/videos','default','Chrome 59.0.3071 / Mac OS X 10.12.6',NULL,1496984752),
	(200,5,'leave','website',NULL,NULL,NULL,NULL,1496984776),
	(201,5,'enter','website','/videos','default','Chrome 59.0.3071 / Mac OS X 10.12.6',NULL,1496984777),
	(202,5,'leave','website',NULL,NULL,NULL,NULL,1496985023),
	(203,5,'enter','website','/videos','default','Chrome 59.0.3071 / Mac OS X 10.12.6',NULL,1496985026),
	(204,5,'enter','website','/videos','default','Chrome 59.0.3071 / Mac OS X 10.12.6',NULL,1496985137),
	(205,5,'enter','website','/videos','default','Chrome 59.0.3071 / Mac OS X 10.12.6',NULL,1496985270),
	(206,5,'enter','website','/videos','default','Chrome 59.0.3071 / Mac OS X 10.12.6',NULL,1496985536),
	(207,5,'leave','website',NULL,NULL,NULL,NULL,1496985542),
	(208,5,'enter','website','/videos','default','Chrome 59.0.3071 / Mac OS X 10.12.6',NULL,1496985546),
	(209,5,'enter','website','/videos','default','Chrome 59.0.3071 / Mac OS X 10.12.6',NULL,1496985571),
	(210,5,'leave','website',NULL,NULL,NULL,NULL,1496985601),
	(211,5,'enter','website','/videos','default','Chrome 59.0.3071 / Mac OS X 10.12.6',NULL,1496985605),
	(212,5,'leave','website',NULL,NULL,NULL,NULL,1496985632),
	(213,5,'enter','website','/videos','default','Chrome 59.0.3071 / Mac OS X 10.12.6',NULL,1496985635),
	(214,5,'leave','website',NULL,NULL,NULL,NULL,1496985978),
	(215,5,'enter','website','/videos','default','Chrome 59.0.3071 / Mac OS X 10.12.6',NULL,1496985982),
	(216,5,'leave','website',NULL,NULL,NULL,NULL,1496985995),
	(217,5,'enter','website','/','default','Chrome 59.0.3071 / Mac OS X 10.12.6',NULL,1496997646),
	(218,5,'leave','website',NULL,NULL,NULL,NULL,1496998509),
	(219,NULL,'enter','website','/','default','Chrome 59.0.3071 / Mac OS X 10.12.6','::1',1496998513),
	(220,5,'login',NULL,NULL,NULL,'Chrome 59.0.3071 / Mac OS X 10.12.6','::1',1496998517),
	(221,5,'leave','website',NULL,NULL,NULL,NULL,1496998831),
	(222,NULL,'enter','website','/','default','Chrome 59.0.3071 / Mac OS X 10.12.6','::1',1496998844),
	(223,5,'login',NULL,NULL,NULL,'Chrome 59.0.3071 / Mac OS X 10.12.6','::1',1496998912),
	(224,5,'leave','website',NULL,NULL,NULL,NULL,1496998914),
	(225,5,'logout',NULL,NULL,NULL,'Chrome 59.0.3071 / Mac OS X 10.12.6','::1',1496998914),
	(226,NULL,'enter','website','/','default','Chrome 60.0.3112 / Mac OS X 10.12.6','::1',1497146558),
	(227,215,'login',NULL,NULL,NULL,'Chrome 60.0.3112 / Mac OS X 10.12.6','::1',1497146567),
	(228,215,'leave','website',NULL,NULL,NULL,NULL,1497146578),
	(229,215,'logout',NULL,NULL,NULL,'Chrome 60.0.3112 / Mac OS X 10.12.6','::1',1497146578),
	(230,5,'login',NULL,NULL,NULL,'Chrome 60.0.3112 / Mac OS X 10.12.6','::1',1497146584),
	(231,5,'leave','website',NULL,NULL,NULL,NULL,1497146590),
	(232,5,'logout',NULL,NULL,NULL,'Chrome 60.0.3112 / Mac OS X 10.12.6','::1',1497146590),
	(233,205,'login',NULL,NULL,NULL,'Chrome 60.0.3112 / Mac OS X 10.12.6','::1',1497146596),
	(234,NULL,'leave','website',NULL,NULL,NULL,NULL,1497146784),
	(235,205,'enter','website','/','default','Chrome 60.0.3112 / Mac OS X 10.12.6','::1',1497151701),
	(236,205,'navigate','/users/charlie',NULL,NULL,'Chrome 60.0.3112 / Mac OS X 10.12.6','::1',1497153678),
	(237,205,'navigate','/users',NULL,NULL,'Chrome 60.0.3112 / Mac OS X 10.12.6','::1',1497153682),
	(238,205,'enter','website','/users','default','Chrome 60.0.3112 / Mac OS X 10.12.6','::1',1497153970),
	(239,205,'enter','website','/users','default','Chrome 60.0.3112 / Mac OS X 10.12.6','::1',1497153984),
	(240,NULL,'leave','website',NULL,NULL,NULL,NULL,1497154010),
	(241,205,'enter','website','/users','default','Chrome 60.0.3112 / Mac OS X 10.12.6','::1',1497154011),
	(242,205,'navigate','/users/mikey',NULL,NULL,'Chrome 60.0.3112 / Mac OS X 10.12.6','::1',1497154023),
	(243,205,'enter','website','/users','default','Chrome 60.0.3112 / Mac OS X 10.12.6','::1',1497154054),
	(244,205,'enter','website','/users','default','Chrome 60.0.3112 / Mac OS X 10.12.6','::1',1497154094),
	(245,205,'enter','website','/users','default','Chrome 60.0.3112 / Mac OS X 10.12.6','::1',1497154880),
	(246,205,'leave','website',NULL,NULL,NULL,NULL,1497154881),
	(247,205,'enter','website','/users','default','Chrome 60.0.3112 / Mac OS X 10.12.6','::1',1497154883),
	(248,205,'leave','website',NULL,NULL,NULL,NULL,1497155207),
	(249,205,'enter','website','/users','default','Chrome 60.0.3112 / Mac OS X 10.12.6','::1',1497155210),
	(250,205,'enter','website','/users','default','Chrome 60.0.3112 / Mac OS X 10.12.6','::1',1497155251),
	(251,205,'enter','website','/users','default','Chrome 60.0.3112 / Mac OS X 10.12.6','::1',1497155278),
	(252,205,'leave','website',NULL,NULL,NULL,NULL,1497155278),
	(253,205,'enter','website','/users','default','Chrome 60.0.3112 / Mac OS X 10.12.6','::1',1497155281),
	(254,205,'leave','website',NULL,NULL,NULL,NULL,1497155329),
	(255,205,'enter','website','/users','default','Chrome 60.0.3112 / Mac OS X 10.12.6','::1',1497155332),
	(256,205,'leave','website',NULL,NULL,NULL,NULL,1497155459),
	(257,205,'enter','website','/users','default','Chrome 60.0.3112 / Mac OS X 10.12.6','::1',1497155462),
	(258,205,'leave','website',NULL,NULL,NULL,NULL,1497155493),
	(259,205,'enter','website','/users','default','Chrome 60.0.3112 / Mac OS X 10.12.6','::1',1497155495),
	(260,205,'enter','website','/users','default','Chrome 60.0.3112 / Mac OS X 10.12.6','::1',1497155532),
	(261,205,'leave','website',NULL,NULL,NULL,NULL,1497155579),
	(262,205,'enter','website','/users','default','Chrome 60.0.3112 / Mac OS X 10.12.6','::1',1497155582),
	(263,205,'leave','website',NULL,NULL,NULL,NULL,1497155613),
	(264,205,'enter','website','/users','default','Chrome 60.0.3112 / Mac OS X 10.12.6','::1',1497155615),
	(265,205,'leave','website',NULL,NULL,NULL,NULL,1497155638),
	(266,205,'enter','website','/users','default','Chrome 60.0.3112 / Mac OS X 10.12.6','::1',1497155640),
	(267,205,'enter','website','/users','default','Chrome 60.0.3112 / Mac OS X 10.12.6','::1',1497157449),
	(268,205,'leave','website',NULL,NULL,NULL,NULL,1497157462),
	(269,205,'logout',NULL,NULL,NULL,'Chrome 60.0.3112 / Mac OS X 10.12.6','::1',1497157462),
	(270,NULL,'enter','website','/users','default','Chrome 60.0.3112 / Mac OS X 10.12.6','::1',1497157477),
	(271,5,'login',NULL,NULL,NULL,'Chrome 60.0.3112 / Mac OS X 10.12.6','::1',1497157487),
	(272,5,'leave','website',NULL,NULL,NULL,NULL,1497157521),
	(273,5,'logout',NULL,NULL,NULL,'Chrome 60.0.3112 / Mac OS X 10.12.6','::1',1497157521),
	(274,NULL,'leave','website',NULL,NULL,NULL,NULL,1497157602),
	(275,NULL,'enter','website','/users','default','Chrome 60.0.3112 / Mac OS X 10.12.6','::1',1497157702),
	(276,5,'login',NULL,NULL,NULL,'Chrome 60.0.3112 / Mac OS X 10.12.6','::1',1497157710),
	(277,5,'leave','website',NULL,NULL,NULL,NULL,1497157721),
	(278,5,'logout',NULL,NULL,NULL,'Chrome 60.0.3112 / Mac OS X 10.12.6','::1',1497157721),
	(279,5,'login',NULL,NULL,NULL,'Chrome 60.0.3112 / Mac OS X 10.12.6','::1',1497157808),
	(280,5,'leave','website',NULL,NULL,NULL,NULL,1497157812),
	(281,5,'logout',NULL,NULL,NULL,'Chrome 60.0.3112 / Mac OS X 10.12.6','::1',1497157812),
	(282,5,'login',NULL,NULL,NULL,'Chrome 60.0.3112 / Mac OS X 10.12.6','::1',1497157835),
	(283,5,'leave','website',NULL,NULL,NULL,NULL,1497157837),
	(284,5,'logout',NULL,NULL,NULL,'Chrome 60.0.3112 / Mac OS X 10.12.6','::1',1497157837),
	(285,NULL,'enter','website','/users','default','Chrome 60.0.3112 / Mac OS X 10.12.6','::1',1497157953),
	(286,5,'login',NULL,NULL,NULL,'Chrome 60.0.3112 / Mac OS X 10.12.6','::1',1497157958),
	(287,5,'leave','website',NULL,NULL,NULL,NULL,1497157961),
	(288,5,'logout',NULL,NULL,NULL,'Chrome 60.0.3112 / Mac OS X 10.12.6','::1',1497157961),
	(289,NULL,'enter','website','/users','default','Chrome 60.0.3112 / Mac OS X 10.12.6','::1',1497157984),
	(290,NULL,'leave','website',NULL,NULL,NULL,NULL,1497158045),
	(291,NULL,'enter','website','/users','default','Chrome 60.0.3112 / Mac OS X 10.12.6','::1',1497158048),
	(292,5,'login',NULL,NULL,NULL,'Chrome 60.0.3112 / Mac OS X 10.12.6','::1',1497158052),
	(293,5,'leave','website',NULL,NULL,NULL,NULL,1497158055),
	(294,5,'logout',NULL,NULL,NULL,'Chrome 60.0.3112 / Mac OS X 10.12.6','::1',1497158055),
	(295,5,'login',NULL,NULL,NULL,'Chrome 60.0.3112 / Mac OS X 10.12.6','::1',1497158063),
	(296,5,'leave','website',NULL,NULL,NULL,NULL,1497158109),
	(297,5,'enter','website','/users','default','Chrome 60.0.3112 / Mac OS X 10.12.6','::1',1497158112),
	(298,5,'leave','website',NULL,NULL,NULL,NULL,1497158117),
	(299,5,'enter','website','/users','default','Chrome 60.0.3112 / Mac OS X 10.12.6','::1',1497158120),
	(300,5,'leave','website',NULL,NULL,NULL,NULL,1497158419),
	(301,5,'enter','website','/users','default','Chrome 60.0.3112 / Mac OS X 10.12.6','::1',1497158422),
	(302,NULL,'leave','website',NULL,NULL,NULL,NULL,1497158506),
	(303,5,'enter','website','/','default','Chrome 60.0.3112 / Mac OS X 10.12.6','::1',1497174465),
	(304,5,'navigate','/users',NULL,NULL,'Chrome 60.0.3112 / Mac OS X 10.12.6','::1',1497175897),
	(305,5,'leave','website',NULL,NULL,NULL,NULL,1497176100),
	(306,5,'enter','website','/users','default','Chrome 60.0.3112 / Mac OS X 10.12.6','::1',1497176102),
	(307,5,'navigate','/users/mikey',NULL,NULL,'Chrome 60.0.3112 / Mac OS X 10.12.6','::1',1497176105),
	(308,5,'navigate','/users',NULL,NULL,'Chrome 60.0.3112 / Mac OS X 10.12.6','::1',1497176106),
	(309,5,'navigate','/users/mikey',NULL,NULL,'Chrome 60.0.3112 / Mac OS X 10.12.6','::1',1497176108),
	(310,5,'navigate','/users',NULL,NULL,'Chrome 60.0.3112 / Mac OS X 10.12.6','::1',1497176109),
	(311,NULL,'leave','website',NULL,NULL,NULL,NULL,1497176114),
	(312,5,'leave','website',NULL,NULL,NULL,NULL,1497176192),
	(313,5,'enter','website','/users','default','Chrome 60.0.3112 / Mac OS X 10.12.6','::1',1497176195),
	(314,5,'leave','website',NULL,NULL,NULL,NULL,1497176198),
	(315,5,'enter','website','/users','default','Chrome 60.0.3112 / Mac OS X 10.12.6','::1',1497176199),
	(316,5,'navigate','/users/mikey',NULL,NULL,'Chrome 60.0.3112 / Mac OS X 10.12.6','::1',1497176216),
	(317,5,'navigate','/users',NULL,NULL,'Chrome 60.0.3112 / Mac OS X 10.12.6','::1',1497176220),
	(318,5,'navigate','/',NULL,NULL,'Chrome 60.0.3112 / Mac OS X 10.12.6','::1',1497176222),
	(319,5,'navigate','/users',NULL,NULL,'Chrome 60.0.3112 / Mac OS X 10.12.6','::1',1497176225),
	(320,5,'navigate','/videos',NULL,NULL,'Chrome 60.0.3112 / Mac OS X 10.12.6','::1',1497178320),
	(321,5,'leave','website',NULL,NULL,NULL,NULL,1497178329),
	(322,5,'enter','website','/videos/6','default','Chrome 60.0.3112 / Mac OS X 10.12.6','::1',1497178331),
	(323,5,'navigate','/',NULL,NULL,'Chrome 60.0.3112 / Mac OS X 10.12.6','::1',1497178399),
	(324,5,'leave','website',NULL,NULL,NULL,NULL,1497178405),
	(325,5,'enter','website','/','default','Chrome 60.0.3112 / Mac OS X 10.12.6','::1',1497184248),
	(326,5,'enter','website','/','default','Chrome 60.0.3112 / Mac OS X 10.12.6','::1',1497186399),
	(327,5,'enter','website','/','default','Chrome 60.0.3112 / Mac OS X 10.12.6','::1',1497186580),
	(328,5,'navigate','/users',NULL,NULL,'Chrome 60.0.3112 / Mac OS X 10.12.6','::1',1497186626),
	(329,5,'enter','website','/users','default','Chrome 60.0.3112 / Mac OS X 10.12.6','::1',1497186630),
	(330,5,'navigate','/users/mikey',NULL,NULL,'Chrome 60.0.3112 / Mac OS X 10.12.6','::1',1497186632),
	(331,5,'navigate','/users',NULL,NULL,'Chrome 60.0.3112 / Mac OS X 10.12.6','::1',1497186633),
	(332,5,'leave','website',NULL,NULL,NULL,NULL,1497186701),
	(333,5,'enter','website','/users','default','Chrome 60.0.3112 / Mac OS X 10.12.6','::1',1497186703),
	(334,5,'navigate','/users/mikey',NULL,NULL,'Chrome 60.0.3112 / Mac OS X 10.12.6','::1',1497186781),
	(335,5,'navigate','/users',NULL,NULL,'Chrome 60.0.3112 / Mac OS X 10.12.6','::1',1497186783),
	(336,5,'navigate','/',NULL,NULL,'Chrome 60.0.3112 / Mac OS X 10.12.6','::1',1497186791),
	(337,5,'leave','website',NULL,NULL,NULL,NULL,1497186840),
	(338,5,'enter','website','/','default','Chrome 60.0.3112 / Mac OS X 10.12.6','::1',1497186843),
	(339,5,'navigate','/users',NULL,NULL,'Chrome 60.0.3112 / Mac OS X 10.12.6','::1',1497191278),
	(340,5,'navigate','/',NULL,NULL,'Chrome 60.0.3112 / Mac OS X 10.12.6','::1',1497191288),
	(341,5,'navigate','/users',NULL,NULL,'Chrome 60.0.3112 / Mac OS X 10.12.6','::1',1497191292),
	(342,5,'navigate','/',NULL,NULL,'Chrome 60.0.3112 / Mac OS X 10.12.6','::1',1497191301),
	(343,5,'leave','website',NULL,NULL,NULL,NULL,1497195204),
	(344,5,'enter','website','/','default','Chrome 60.0.3112 / Mac OS X 10.12.6','::1',1497195207),
	(345,5,'leave','website',NULL,NULL,NULL,NULL,1497200589),
	(346,5,'enter','website','/','default','Chrome 60.0.3112 / Mac OS X 10.12.6','::1',1497203841),
	(347,5,'leave','website',NULL,NULL,NULL,NULL,1497203857),
	(348,5,'enter','website','/','default','Chrome 60.0.3112 / Mac OS X 10.12.6','::1',1497203871),
	(349,5,'navigate','/users',NULL,NULL,'Chrome 60.0.3112 / Mac OS X 10.12.6','::1',1497203995),
	(350,5,'leave','website',NULL,NULL,NULL,NULL,1497204088),
	(351,5,'enter','website','/users','default','Chrome 60.0.3112 / Mac OS X 10.12.6','::1',1497204091),
	(352,5,'leave','website',NULL,NULL,NULL,NULL,1497204219),
	(353,5,'enter','website','/users','default','Chrome 60.0.3112 / Mac OS X 10.12.6','::1',1497204222),
	(354,5,'navigate','/users/mikey',NULL,NULL,'Chrome 60.0.3112 / Mac OS X 10.12.6','::1',1497204241),
	(355,5,'navigate','/users',NULL,NULL,'Chrome 60.0.3112 / Mac OS X 10.12.6','::1',1497204242),
	(356,NULL,'enter','website','/','default','Chrome 60.0.3112 / Mac OS X 10.12.6','::1',1497204316),
	(357,215,'login',NULL,NULL,NULL,'Chrome 60.0.3112 / Mac OS X 10.12.6','::1',1497204325),
	(358,215,'enter','chat',NULL,'default',NULL,NULL,1497204327),
	(359,215,'navigate','/users',NULL,NULL,'Chrome 60.0.3112 / Mac OS X 10.12.6','::1',1497204334),
	(360,215,'navigate','/users/tommy',NULL,NULL,'Chrome 60.0.3112 / Mac OS X 10.12.6','::1',1497204335),
	(361,215,'navigate','/users',NULL,NULL,'Chrome 60.0.3112 / Mac OS X 10.12.6','::1',1497204337),
	(362,215,'leave','website',NULL,NULL,NULL,NULL,1497204344),
	(363,215,'logout',NULL,NULL,NULL,'Chrome 60.0.3112 / Mac OS X 10.12.6','::1',1497204344),
	(364,215,'login',NULL,NULL,NULL,'Chrome 60.0.3112 / Mac OS X 10.12.6','::1',1497204351),
	(365,5,'leave','website',NULL,NULL,NULL,NULL,1497204446),
	(366,215,'navigate','/users/tommy',NULL,NULL,'Chrome 60.0.3112 / Mac OS X 10.12.6','::1',1497204448),
	(367,215,'navigate','/users',NULL,NULL,'Chrome 60.0.3112 / Mac OS X 10.12.6','::1',1497204449),
	(368,215,'leave','website',NULL,NULL,NULL,NULL,1497204487),
	(369,215,'enter','website','/users','default','Chrome 60.0.3112 / Mac OS X 10.12.6','::1',1497204489),
	(370,215,'leave','website',NULL,NULL,NULL,NULL,1497204502),
	(371,215,'enter','website','/users','default','Chrome 60.0.3112 / Mac OS X 10.12.6','::1',1497204504),
	(372,215,'enter','website','/users','default','Chrome 60.0.3112 / Mac OS X 10.12.6','::1',1497204538),
	(373,215,'navigate','/users/tommy',NULL,NULL,'Chrome 60.0.3112 / Mac OS X 10.12.6','::1',1497204557),
	(374,215,'navigate','/users',NULL,NULL,'Chrome 60.0.3112 / Mac OS X 10.12.6','::1',1497204557),
	(375,215,'enter','website','/users','default','Chrome 60.0.3112 / Mac OS X 10.12.6','::1',1497204577),
	(376,215,'enter','website','/users','default','Chrome 60.0.3112 / Mac OS X 10.12.6','::1',1497204593),
	(377,NULL,'leave','website',NULL,NULL,NULL,NULL,1497204622),
	(378,215,'enter','website','/users','default','Chrome 60.0.3112 / Mac OS X 10.12.6','::1',1497204622),
	(379,215,'leave','website',NULL,NULL,NULL,NULL,1497204625),
	(380,215,'enter','website','/users','default','Chrome 60.0.3112 / Mac OS X 10.12.6','::1',1497204625),
	(381,5,'enter','website','/','default','Chrome 60.0.3112 / Mac OS X 10.12.6','::1',1497204638),
	(382,5,'navigate','/users',NULL,NULL,'Chrome 60.0.3112 / Mac OS X 10.12.6','::1',1497204642),
	(383,5,'leave','website',NULL,NULL,NULL,NULL,1497204684),
	(384,5,'enter','website','/users','default','Chrome 60.0.3112 / Mac OS X 10.12.6','::1',1497204686),
	(385,5,'enter','website','/','default','Firefox 51.0.0 / Mac OS X 10.12.0','::1',1497204720),
	(386,5,'leave','website',NULL,NULL,NULL,NULL,1497204729),
	(387,5,'logout',NULL,NULL,NULL,'Firefox 51.0.0 / Mac OS X 10.12.0','::1',1497204729),
	(388,218,'login',NULL,NULL,NULL,'Firefox 51.0.0 / Mac OS X 10.12.0','::1',1497204735),
	(389,215,'leave','website',NULL,NULL,NULL,NULL,1497204739),
	(390,215,'enter','website','/users','default','Chrome 60.0.3112 / Mac OS X 10.12.6','::1',1497204741),
	(391,218,'leave','website',NULL,NULL,NULL,NULL,1497204747),
	(392,215,'leave','website',NULL,NULL,NULL,NULL,1497204749),
	(393,215,'enter','website','/users','default','Chrome 60.0.3112 / Mac OS X 10.12.6','::1',1497204750),
	(394,215,'enter','chat',NULL,'default',NULL,NULL,1497204759),
	(395,215,'leave','website',NULL,NULL,NULL,NULL,1497204763),
	(396,215,'enter','website','/users','default','Chrome 60.0.3112 / Mac OS X 10.12.6','::1',1497204764),
	(397,5,'leave','website',NULL,NULL,NULL,NULL,1497204770),
	(398,5,'enter','website','/users','default','Chrome 60.0.3112 / Mac OS X 10.12.6','::1',1497204773),
	(399,215,'leave','website',NULL,NULL,NULL,NULL,1497204778),
	(400,215,'enter','website','/users','default','Chrome 60.0.3112 / Mac OS X 10.12.6','::1',1497204779),
	(401,218,'enter','website','/','default','Firefox 51.0.0 / Mac OS X 10.12.0','::1',1497204816),
	(402,218,'navigate','/users',NULL,NULL,'Firefox 51.0.0 / Mac OS X 10.12.0','::1',1497204819),
	(403,218,'leave','website',NULL,NULL,NULL,NULL,1497204829),
	(404,215,'leave','website',NULL,NULL,NULL,NULL,1497204831),
	(405,215,'enter','website','/users','default','Chrome 60.0.3112 / Mac OS X 10.12.6','::1',1497204833),
	(406,215,'leave','website',NULL,NULL,NULL,NULL,1497204894),
	(407,215,'enter','website','/users','default','Chrome 60.0.3112 / Mac OS X 10.12.6','::1',1497204896),
	(408,215,'enter','website','/users','default','Chrome 60.0.3112 / Mac OS X 10.12.6','::1',1497204922),
	(409,5,'leave','website',NULL,NULL,NULL,NULL,1497204941),
	(410,5,'enter','website','/users','default','Chrome 60.0.3112 / Mac OS X 10.12.6','::1',1497204943),
	(411,5,'leave','website',NULL,NULL,NULL,NULL,1497205310),
	(412,5,'enter','website','/','default','Chrome 60.0.3112 / Mac OS X 10.12.6','::1',1497229109),
	(413,5,'leave','website',NULL,NULL,NULL,NULL,1497229563),
	(414,5,'enter','website','/','default','Chrome 60.0.3112 / Mac OS X 10.12.6','::1',1497229570),
	(415,5,'search','link','53',NULL,'Chrome 60.0.3112 / Mac OS X 10.12.6','::1',1497230006),
	(416,5,'navigate','/links/53',NULL,NULL,'Chrome 60.0.3112 / Mac OS X 10.12.6','::1',1497230007),
	(417,5,'leave','website',NULL,NULL,NULL,NULL,1497230059),
	(418,5,'enter','website','/','default','Chrome 60.0.3112 / Mac OS X 10.12.6','::1',1497230066),
	(419,5,'search','link','53',NULL,'Chrome 60.0.3112 / Mac OS X 10.12.6','::1',1497230095),
	(420,5,'navigate','/links/53',NULL,NULL,'Chrome 60.0.3112 / Mac OS X 10.12.6','::1',1497230095),
	(421,5,'navigate','/',NULL,NULL,'Chrome 60.0.3112 / Mac OS X 10.12.6','::1',1497230116),
	(422,5,'leave','website',NULL,NULL,NULL,NULL,1497230247),
	(423,5,'enter','website','/','default','Chrome 60.0.3112 / Mac OS X 10.12.6','::1',1497232927),
	(424,5,'navigate','/links',NULL,NULL,'Chrome 60.0.3112 / Mac OS X 10.12.6','::1',1497232954),
	(425,5,'navigate','/',NULL,NULL,'Chrome 60.0.3112 / Mac OS X 10.12.6','::1',1497233833),
	(426,5,'navigate','/links',NULL,NULL,'Chrome 60.0.3112 / Mac OS X 10.12.6','::1',1497236869),
	(427,5,'leave','website',NULL,NULL,NULL,NULL,1497237205),
	(428,5,'logout',NULL,NULL,NULL,'Chrome 60.0.3112 / Mac OS X 10.12.6','::1',1497237205),
	(429,215,'login',NULL,NULL,NULL,'Chrome 60.0.3112 / Mac OS X 10.12.6','::1',1497237210),
	(430,215,'leave','website',NULL,NULL,NULL,NULL,1497237214),
	(431,215,'logout',NULL,NULL,NULL,'Chrome 60.0.3112 / Mac OS X 10.12.6','::1',1497237214),
	(432,5,'login',NULL,NULL,NULL,'Chrome 60.0.3112 / Mac OS X 10.12.6','::1',1497237217),
	(433,5,'navigate','/links/53',NULL,NULL,'Chrome 60.0.3112 / Mac OS X 10.12.6','::1',1497237646),
	(434,5,'navigate','/links',NULL,NULL,'Chrome 60.0.3112 / Mac OS X 10.12.6','::1',1497237660),
	(435,5,'leave','website',NULL,NULL,NULL,NULL,1497237814),
	(436,5,'enter','website','/links','default','Chrome 60.0.3112 / Mac OS X 10.12.6','::1',1497237818),
	(437,5,'leave','website',NULL,NULL,NULL,NULL,1497240402),
	(438,5,'enter','website','/links','default','Chrome 60.0.3112 / Mac OS X 10.12.6','::1',1497240407),
	(439,5,'leave','website',NULL,NULL,NULL,NULL,1497240416),
	(440,5,'enter','website','/links','default','Chrome 60.0.3112 / Mac OS X 10.12.6','::1',1497240420),
	(441,5,'leave','website',NULL,NULL,NULL,NULL,1497240429),
	(442,5,'enter','website','/links','default','Chrome 60.0.3112 / Mac OS X 10.12.6','::1',1497240432),
	(443,NULL,'leave','website',NULL,NULL,NULL,NULL,1497240454),
	(444,5,'leave','website',NULL,NULL,NULL,NULL,1497240532),
	(445,5,'enter','website','/links','default','Chrome 60.0.3112 / Mac OS X 10.12.6','::1',1497240537),
	(446,5,'navigate','/',NULL,NULL,'Chrome 60.0.3112 / Mac OS X 10.12.6','::1',1497240555),
	(447,5,'navigate','/links',NULL,NULL,'Chrome 60.0.3112 / Mac OS X 10.12.6','::1',1497240570),
	(448,5,'leave','website',NULL,NULL,NULL,NULL,1497240745),
	(449,5,'enter','website','/links','default','Chrome 60.0.3112 / Mac OS X 10.12.6','::1',1497240749),
	(450,5,'leave','website',NULL,NULL,NULL,NULL,1497241157),
	(451,5,'enter','website','/links','default','Chrome 60.0.3112 / Mac OS X 10.12.6','::1',1497241164),
	(452,5,'leave','website',NULL,NULL,NULL,NULL,1497241178),
	(453,5,'enter','website','/links','default','Chrome 60.0.3112 / Mac OS X 10.12.6','::1',1497241182),
	(454,5,'leave','website',NULL,NULL,NULL,NULL,1497241247),
	(455,5,'enter','website','/links','default','Chrome 60.0.3112 / Mac OS X 10.12.6','::1',1497241251),
	(456,5,'leave','website',NULL,NULL,NULL,NULL,1497241314),
	(457,5,'enter','website','/links','default','Chrome 60.0.3112 / Mac OS X 10.12.6','::1',1497241319),
	(458,5,'leave','website',NULL,NULL,NULL,NULL,1497241366),
	(459,5,'enter','website','/links','default','Chrome 60.0.3112 / Mac OS X 10.12.6','::1',1497241372),
	(460,5,'leave','website',NULL,NULL,NULL,NULL,1497244864),
	(461,5,'enter','website','/','default','Chrome 60.0.3112 / Mac OS X 10.12.6','::1',1497252650),
	(462,5,'enter','website','/','default','Chrome 60.0.3112 / Mac OS X 10.12.6','::1',1497257355),
	(463,5,'navigate','/links/53',NULL,NULL,'Chrome 60.0.3112 / Mac OS X 10.12.6','::1',1497257361),
	(464,5,'leave','website',NULL,NULL,NULL,NULL,1497257950),
	(465,5,'enter','website','/links/53','default','Chrome 60.0.3112 / Mac OS X 10.12.6','::1',1497257954),
	(466,5,'leave','website',NULL,NULL,NULL,NULL,1497258076),
	(467,5,'enter','website','/links/53','default','Chrome 60.0.3112 / Mac OS X 10.12.6','::1',1497258079),
	(468,5,'leave','website',NULL,NULL,NULL,NULL,1497258152),
	(469,5,'enter','website','/links/53','default','Chrome 60.0.3112 / Mac OS X 10.12.6','::1',1497258155),
	(470,5,'leave','website',NULL,NULL,NULL,NULL,1497258475),
	(471,5,'enter','website','/links/53','default','Chrome 60.0.3112 / Mac OS X 10.12.6','::1',1497258478),
	(472,5,'navigate','/links',NULL,NULL,'Chrome 60.0.3112 / Mac OS X 10.12.6','::1',1497258479),
	(473,5,'navigate','/links/42',NULL,NULL,'Chrome 60.0.3112 / Mac OS X 10.12.6','::1',1497258483),
	(474,NULL,'leave','website',NULL,NULL,NULL,NULL,1497258629),
	(475,5,'enter','website','/links/42','default','Chrome 60.0.3112 / Mac OS X 10.12.6','::1',1497258632),
	(476,5,'navigate','/',NULL,NULL,'Chrome 60.0.3112 / Mac OS X 10.12.6','::1',1497259921),
	(477,5,'navigate','/users',NULL,NULL,'Chrome 60.0.3112 / Mac OS X 10.12.6','::1',1497259939),
	(478,5,'navigate','/',NULL,NULL,'Chrome 60.0.3112 / Mac OS X 10.12.6','::1',1497259946),
	(479,5,'navigate','/users/mikey',NULL,NULL,'Chrome 60.0.3112 / Mac OS X 10.12.6','::1',1497260144),
	(480,5,'navigate','/users',NULL,NULL,'Chrome 60.0.3112 / Mac OS X 10.12.6','::1',1497260161),
	(481,5,'navigate','/',NULL,NULL,'Chrome 60.0.3112 / Mac OS X 10.12.6','::1',1497260163),
	(482,5,'navigate','/links',NULL,NULL,'Chrome 60.0.3112 / Mac OS X 10.12.6','::1',1497260920),
	(483,5,'navigate','/videos',NULL,NULL,'Chrome 60.0.3112 / Mac OS X 10.12.6','::1',1497260935),
	(484,5,'navigate','/links',NULL,NULL,'Chrome 60.0.3112 / Mac OS X 10.12.6','::1',1497260938),
	(485,5,'navigate','/videos',NULL,NULL,'Chrome 60.0.3112 / Mac OS X 10.12.6','::1',1497260949),
	(486,5,'navigate','/links',NULL,NULL,'Chrome 60.0.3112 / Mac OS X 10.12.6','::1',1497260953),
	(487,5,'navigate','/',NULL,NULL,'Chrome 60.0.3112 / Mac OS X 10.12.6','::1',1497261793),
	(488,5,'navigate','/videos',NULL,NULL,'Chrome 60.0.3112 / Mac OS X 10.12.6','::1',1497261806),
	(489,5,'navigate','/',NULL,NULL,'Chrome 60.0.3112 / Mac OS X 10.12.6','::1',1497261813),
	(490,5,'navigate','/links',NULL,NULL,'Chrome 60.0.3112 / Mac OS X 10.12.6','::1',1497261836),
	(491,5,'navigate','/videos',NULL,NULL,'Chrome 60.0.3112 / Mac OS X 10.12.6','::1',1497274763),
	(492,5,'navigate','/',NULL,NULL,'Chrome 60.0.3112 / Mac OS X 10.12.6','::1',1497274765),
	(493,5,'navigate','/videos',NULL,NULL,'Chrome 60.0.3112 / Mac OS X 10.12.6','::1',1497317126),
	(494,NULL,'leave','website',NULL,NULL,NULL,NULL,1497320637),
	(495,5,'navigate','/',NULL,NULL,'Chrome 60.0.3112 / Mac OS X 10.12.6','::1',1497325520),
	(496,5,'leave','website',NULL,NULL,NULL,NULL,1497329060),
	(497,5,'enter','website','/','default','Chrome 60.0.3112 / Mac OS X 10.12.6','::1',1497330761),
	(498,5,'navigate','/videos',NULL,NULL,'Chrome 60.0.3112 / Mac OS X 10.12.6','::1',1497331848),
	(499,5,'navigate','/',NULL,NULL,'Chrome 60.0.3112 / Mac OS X 10.12.6','::1',1497331981),
	(500,5,'leave','website',NULL,NULL,NULL,NULL,1497333188),
	(501,5,'enter','website','/','default','Chrome 60.0.3112 / Mac OS X 10.12.6','::1',1497333191),
	(502,5,'navigate','/videos/86',NULL,NULL,'Chrome 60.0.3112 / Mac OS X 10.12.6','::1',1497333210),
	(503,5,'navigate','/',NULL,NULL,'Chrome 60.0.3112 / Mac OS X 10.12.6','::1',1497333216),
	(504,5,'leave','website',NULL,NULL,NULL,NULL,1497333334),
	(505,5,'enter','website','/','default','Chrome 60.0.3112 / Mac OS X 10.12.6','::1',1497333337),
	(506,NULL,'leave','website',NULL,NULL,NULL,NULL,1497333346),
	(507,5,'leave','website',NULL,NULL,NULL,NULL,1497333483),
	(508,5,'enter','website','/','default','Chrome 60.0.3112 / Mac OS X 10.12.6','::1',1497333486),
	(509,5,'navigate','/videos',NULL,NULL,'Chrome 60.0.3112 / Mac OS X 10.12.6','::1',1497333612),
	(510,5,'navigate','/',NULL,NULL,'Chrome 60.0.3112 / Mac OS X 10.12.6','::1',1497333814),
	(511,5,'navigate','/videos',NULL,NULL,'Chrome 60.0.3112 / Mac OS X 10.12.6','::1',1497333817),
	(512,5,'navigate','/videos/65',NULL,NULL,'Chrome 60.0.3112 / Mac OS X 10.12.6','::1',1497333881),
	(513,5,'navigate','/videos',NULL,NULL,'Chrome 60.0.3112 / Mac OS X 10.12.6','::1',1497333889),
	(514,5,'navigate','/',NULL,NULL,'Chrome 60.0.3112 / Mac OS X 10.12.6','::1',1497333894),
	(515,5,'navigate','/videos',NULL,NULL,'Chrome 60.0.3112 / Mac OS X 10.12.6','::1',1497333899),
	(516,5,'enter','chat',NULL,'default',NULL,NULL,1497333925),
	(517,5,'navigate','/videos/16',NULL,NULL,'Chrome 60.0.3112 / Mac OS X 10.12.6','::1',1497333933),
	(518,5,'enter','website','/videos','default','Chrome 60.0.3112 / Mac OS X 10.12.6','::1',1497333972),
	(519,5,'navigate','/links',NULL,NULL,'Chrome 60.0.3112 / Mac OS X 10.12.6','::1',1497333973),
	(520,5,'navigate','/links/53',NULL,NULL,'Chrome 60.0.3112 / Mac OS X 10.12.6','::1',1497333978),
	(521,5,'navigate','/videos',NULL,NULL,'Chrome 60.0.3112 / Mac OS X 10.12.6','::1',1497333993),
	(522,5,'navigate','/',NULL,NULL,'Chrome 60.0.3112 / Mac OS X 10.12.6','::1',1497334011),
	(523,5,'navigate','/videos',NULL,NULL,'Chrome 60.0.3112 / Mac OS X 10.12.6','::1',1497334012),
	(524,5,'navigate','/links',NULL,NULL,'Chrome 60.0.3112 / Mac OS X 10.12.6','::1',1497334014),
	(525,5,'leave','website',NULL,NULL,NULL,NULL,1497334154),
	(526,5,'enter','website','/links','default','Chrome 60.0.3112 / Mac OS X 10.12.6','::1',1497334157),
	(527,5,'navigate','/',NULL,NULL,'Chrome 60.0.3112 / Mac OS X 10.12.6','::1',1497334212),
	(528,5,'navigate','/links',NULL,NULL,'Chrome 60.0.3112 / Mac OS X 10.12.6','::1',1497334214),
	(529,5,'navigate','/videos',NULL,NULL,'Chrome 60.0.3112 / Mac OS X 10.12.6','::1',1497334217),
	(530,5,'leave','website',NULL,NULL,NULL,NULL,1497334219),
	(531,5,'enter','website','/videos','default','Chrome 60.0.3112 / Mac OS X 10.12.6','::1',1497334222),
	(532,5,'enter','website','/videos','default','Chrome 60.0.3112 / Mac OS X 10.12.6','::1',1497334425),
	(533,5,'enter','website','/videos','default','Chrome 60.0.3112 / Mac OS X 10.12.6','::1',1497334425),
	(534,5,'leave','website',NULL,NULL,NULL,NULL,1497334428),
	(535,5,'enter','website','/videos','default','Chrome 60.0.3112 / Mac OS X 10.12.6','::1',1497334433),
	(536,5,'navigate','/links',NULL,NULL,'Chrome 60.0.3112 / Mac OS X 10.12.6','::1',1497334436),
	(537,5,'leave','website',NULL,NULL,NULL,NULL,1497334565),
	(538,5,'enter','website','/links','default','Chrome 60.0.3112 / Mac OS X 10.12.6','::1',1497334568),
	(539,5,'navigate','/videos',NULL,NULL,'Chrome 60.0.3112 / Mac OS X 10.12.6','::1',1497334571),
	(540,5,'navigate','/',NULL,NULL,'Chrome 60.0.3112 / Mac OS X 10.12.6','::1',1497334573),
	(541,5,'navigate','/links',NULL,NULL,'Chrome 60.0.3112 / Mac OS X 10.12.6','::1',1497334580),
	(542,5,'enter','chat',NULL,'default',NULL,NULL,1497334584),
	(543,5,'enter','website','/links','default','Chrome 60.0.3112 / Mac OS X 10.12.6','::1',1497334632),
	(544,5,'navigate','/videos',NULL,NULL,'Chrome 60.0.3112 / Mac OS X 10.12.6','::1',1497335653),
	(545,5,'leave','website',NULL,NULL,NULL,NULL,1497339028),
	(546,5,'enter','website','/videos','default','Chrome 60.0.3112 / Mac OS X 10.12.6','::1',1497339031),
	(547,5,'navigate','/',NULL,NULL,'Chrome 60.0.3112 / Mac OS X 10.12.6','::1',1497339171),
	(548,5,'navigate','/videos',NULL,NULL,'Chrome 60.0.3112 / Mac OS X 10.12.6','::1',1497339173),
	(549,5,'enter','chat',NULL,'default',NULL,NULL,1497339238),
	(550,5,'navigate','/',NULL,NULL,'Chrome 60.0.3112 / Mac OS X 10.12.6','::1',1497339351),
	(551,5,'navigate','/videos',NULL,NULL,'Chrome 60.0.3112 / Mac OS X 10.12.6','::1',1497339352),
	(552,5,'leave','website',NULL,NULL,NULL,NULL,1497339427),
	(553,5,'enter','website','/videos','default','Chrome 60.0.3112 / Mac OS X 10.12.6','::1',1497339430),
	(554,5,'leave','website',NULL,NULL,NULL,NULL,1497339834),
	(555,5,'enter','website','/videos','default','Chrome 60.0.3112 / Mac OS X 10.12.6','::1',1497339838),
	(556,5,'leave','website',NULL,NULL,NULL,NULL,1497339864),
	(557,5,'enter','website','/videos','default','Chrome 60.0.3112 / Mac OS X 10.12.6','::1',1497339868),
	(558,NULL,'leave','website',NULL,NULL,NULL,NULL,1497341238),
	(559,5,'enter','website','/videos','default','Chrome 60.0.3112 / Mac OS X 10.12.6','::1',1497341242),
	(560,5,'leave','website',NULL,NULL,NULL,NULL,1497341415),
	(561,5,'enter','website','/videos','default','Chrome 60.0.3112 / Mac OS X 10.12.6','::1',1497341419),
	(562,5,'leave','website',NULL,NULL,NULL,NULL,1497341491),
	(563,5,'enter','website','/videos','default','Chrome 60.0.3112 / Mac OS X 10.12.6','::1',1497341496),
	(564,5,'leave','website',NULL,NULL,NULL,NULL,1497341852),
	(565,5,'enter','website','/videos','default','Chrome 60.0.3112 / Mac OS X 10.12.6','::1',1497341856),
	(566,5,'leave','website',NULL,NULL,NULL,NULL,1497342008),
	(567,5,'enter','website','/videos','default','Chrome 60.0.3112 / Mac OS X 10.12.6','::1',1497342013),
	(568,5,'leave','website',NULL,NULL,NULL,NULL,1497342680),
	(569,5,'enter','website','/videos','default','Chrome 60.0.3112 / Mac OS X 10.12.6','::1',1497342686),
	(570,5,'leave','website',NULL,NULL,NULL,NULL,1497343114),
	(571,NULL,'leave','website',NULL,NULL,NULL,NULL,1497343165),
	(572,5,'enter','website','/videos','default','Chrome 60.0.3112 / Mac OS X 10.12.6','::1',1497343300),
	(573,NULL,'leave','website',NULL,NULL,NULL,NULL,1497343308),
	(574,5,'leave','website',NULL,NULL,NULL,NULL,1497343436),
	(575,5,'enter','website','/videos','default','Chrome 60.0.3112 / Mac OS X 10.12.6','::1',1497343440),
	(576,5,'leave','website',NULL,NULL,NULL,NULL,1497343447),
	(577,5,'enter','website','/videos','default','Chrome 60.0.3112 / Mac OS X 10.12.6','::1',1497343452),
	(578,5,'navigate','/',NULL,NULL,'Chrome 60.0.3112 / Mac OS X 10.12.6','::1',1497343462),
	(579,5,'navigate','/videos',NULL,NULL,'Chrome 60.0.3112 / Mac OS X 10.12.6','::1',1497343465),
	(580,5,'navigate','/',NULL,NULL,'Chrome 60.0.3112 / Mac OS X 10.12.6','::1',1497343638),
	(581,5,'enter','website','/','default','Chrome 60.0.3112 / Mac OS X 10.12.6','::1',1497343713),
	(582,5,'navigate','/videos',NULL,NULL,'Chrome 60.0.3112 / Mac OS X 10.12.6','::1',1497347064),
	(583,5,'leave','website',NULL,NULL,NULL,NULL,1497347096),
	(584,5,'enter','website','/videos','default','Chrome 60.0.3112 / Mac OS X 10.12.6','::1',1497347106),
	(585,5,'navigate','/videos/3',NULL,NULL,'Chrome 60.0.3112 / Mac OS X 10.12.6','::1',1497347118),
	(586,5,'leave','website',NULL,NULL,NULL,NULL,1497347143),
	(587,5,'enter','website','/videos/3','default','Chrome 60.0.3112 / Mac OS X 10.12.6','::1',1497347151),
	(588,5,'leave','website',NULL,NULL,NULL,NULL,1497347307),
	(589,5,'enter','website','/videos/3/playlist/5','default','Chrome 60.0.3112 / Mac OS X 10.12.6','::1',1497347312),
	(590,5,'leave','website',NULL,NULL,NULL,NULL,1497347573),
	(591,5,'enter','website','/videos/3/playlist/5','default','Chrome 60.0.3112 / Mac OS X 10.12.6','::1',1497347587),
	(592,5,'leave','website',NULL,NULL,NULL,NULL,1497347642),
	(593,5,'enter','website','/videos/3','default','Chrome 60.0.3112 / Mac OS X 10.12.6','::1',1497347648),
	(594,5,'leave','website',NULL,NULL,NULL,NULL,1497347744),
	(595,5,'enter','website','/videos/3/13','default','Chrome 60.0.3112 / Mac OS X 10.12.6','::1',1497347750),
	(596,5,'leave','website',NULL,NULL,NULL,NULL,1497347802),
	(597,5,'enter','website','/videos/3/13','default','Chrome 60.0.3112 / Mac OS X 10.12.6','::1',1497347807),
	(598,5,'leave','website',NULL,NULL,NULL,NULL,1497347810),
	(599,5,'enter','website','/videos/3','default','Chrome 60.0.3112 / Mac OS X 10.12.6','::1',1497347815),
	(600,5,'enter','website','/videos/3','default','Chrome 60.0.3112 / Mac OS X 10.12.6','::1',1497347869),
	(601,5,'navigate','/videos',NULL,NULL,'Chrome 60.0.3112 / Mac OS X 10.12.6','::1',1497347872),
	(602,5,'navigate','/videos/6',NULL,NULL,'Chrome 60.0.3112 / Mac OS X 10.12.6','::1',1497347877),
	(603,5,'leave','website',NULL,NULL,NULL,NULL,1497348327),
	(604,5,'enter','website','/videos/6','default','Chrome 60.0.3112 / Mac OS X 10.12.6','::1',1497348333),
	(605,5,'leave','website',NULL,NULL,NULL,NULL,1497348513),
	(606,5,'enter','website','/videos/6','default','Chrome 60.0.3112 / Mac OS X 10.12.6','::1',1497348521),
	(607,5,'enter','website','/videos/6','default','Chrome 60.0.3112 / Mac OS X 10.12.6','::1',1497348604),
	(608,5,'leave','website',NULL,NULL,NULL,NULL,1497348652),
	(609,5,'enter','website','/videos/6','default','Chrome 60.0.3112 / Mac OS X 10.12.6','::1',1497348656),
	(610,5,'leave','website',NULL,NULL,NULL,NULL,1497357282),
	(611,5,'enter','website','/videos/6','default','Chrome 60.0.3112 / Mac OS X 10.12.6','::1',1497357288),
	(612,5,'navigate','/videos',NULL,NULL,'Chrome 60.0.3112 / Mac OS X 10.12.6','::1',1497357506),
	(613,5,'leave','website',NULL,NULL,NULL,NULL,1497357515),
	(614,5,'enter','website','/videos/89','default','Chrome 60.0.3112 / Mac OS X 10.12.6','::1',1497357518),
	(615,5,'navigate','/',NULL,NULL,'Chrome 60.0.3112 / Mac OS X 10.12.6','::1',1497357559),
	(616,5,'navigate','/users/mikey',NULL,NULL,'Chrome 60.0.3112 / Mac OS X 10.12.6','::1',1497358144),
	(617,5,'navigate','/',NULL,NULL,'Chrome 60.0.3112 / Mac OS X 10.12.6','::1',1497358151),
	(618,5,'navigate','/videos/89',NULL,NULL,'Chrome 60.0.3112 / Mac OS X 10.12.6','::1',1497358360),
	(619,NULL,'leave','website',NULL,NULL,NULL,NULL,1497361899),
	(620,5,'enter','website','/videos/89','default','Chrome 60.0.3112 / Mac OS X 10.12.6','::1',1497361903),
	(621,NULL,'leave','website',NULL,NULL,NULL,NULL,1497367582),
	(622,NULL,'leave','website',NULL,NULL,NULL,NULL,1497367872),
	(623,5,'enter','website','/','default','Chrome 60.0.3112 / Mac OS X 10.12.6','::1',1497367876),
	(624,5,'enter','chat',NULL,'default',NULL,NULL,1497367883),
	(625,5,'navigate','/videos',NULL,NULL,'Chrome 60.0.3112 / Mac OS X 10.12.6','::1',1497367894),
	(626,5,'navigate','/',NULL,NULL,'Chrome 60.0.3112 / Mac OS X 10.12.6','::1',1497367900),
	(627,5,'enter','chat',NULL,'default',NULL,NULL,1497367905),
	(628,NULL,'leave','website',NULL,NULL,NULL,NULL,1497368108),
	(629,5,'navigate','/videos',NULL,NULL,'Chrome 60.0.3112 / Mac OS X 10.12.6','::1',1497371840),
	(630,5,'navigate','/links',NULL,NULL,'Chrome 60.0.3112 / Mac OS X 10.12.6','::1',1497371841),
	(631,5,'navigate','/videos',NULL,NULL,'Chrome 60.0.3112 / Mac OS X 10.12.6','::1',1497371843),
	(632,5,'navigate','/',NULL,NULL,'Chrome 60.0.3112 / Mac OS X 10.12.6','::1',1497371847),
	(633,5,'leave','website',NULL,NULL,NULL,NULL,1497372089),
	(634,5,'enter','website','/','default','Chrome 60.0.3112 / Mac OS X 10.12.6','::1',1497373255),
	(635,5,'navigate','/users/mikey',NULL,NULL,'Chrome 60.0.3112 / Mac OS X 10.12.6','::1',1497373265),
	(636,5,'navigate','/users',NULL,NULL,'Chrome 60.0.3112 / Mac OS X 10.12.6','::1',1497373268),
	(637,5,'navigate','/videos',NULL,NULL,'Chrome 60.0.3112 / Mac OS X 10.12.6','::1',1497373272),
	(638,5,'navigate','/links',NULL,NULL,'Chrome 60.0.3112 / Mac OS X 10.12.6','::1',1497373276),
	(639,5,'navigate','/videos',NULL,NULL,'Chrome 60.0.3112 / Mac OS X 10.12.6','::1',1497373283),
	(640,5,'navigate','/',NULL,NULL,'Chrome 60.0.3112 / Mac OS X 10.12.6','::1',1497373285),
	(641,5,'enter','chat',NULL,'default',NULL,NULL,1497376487),
	(642,5,'navigate','/videos',NULL,NULL,'Chrome 60.0.3112 / Mac OS X 10.12.6','::1',1497377391),
	(643,5,'navigate','/links',NULL,NULL,'Chrome 60.0.3112 / Mac OS X 10.12.6','::1',1497377413),
	(644,5,'navigate','/',NULL,NULL,'Chrome 60.0.3112 / Mac OS X 10.12.6','::1',1497377426),
	(645,5,'leave','website',NULL,NULL,NULL,NULL,1497377954),
	(646,5,'enter','website','/','default','Chrome 60.0.3112 / Mac OS X 10.12.6','::1',1497377958),
	(647,5,'navigate','/users/mikey',NULL,NULL,'Chrome 60.0.3112 / Mac OS X 10.12.6','::1',1497377959),
	(648,5,'navigate','/users/mikey/videos',NULL,NULL,'Chrome 60.0.3112 / Mac OS X 10.12.6','::1',1497377963),
	(649,5,'navigate','/users/mikey/links',NULL,NULL,'Chrome 60.0.3112 / Mac OS X 10.12.6','::1',1497377964),
	(650,5,'navigate','/users/mikey/discussions',NULL,NULL,'Chrome 60.0.3112 / Mac OS X 10.12.6','::1',1497377965),
	(651,5,'navigate','/users/mikey',NULL,NULL,'Chrome 60.0.3112 / Mac OS X 10.12.6','::1',1497377966),
	(652,5,'navigate','/users',NULL,NULL,'Chrome 60.0.3112 / Mac OS X 10.12.6','::1',1497377976),
	(653,5,'navigate','/users/mikey',NULL,NULL,'Chrome 60.0.3112 / Mac OS X 10.12.6','::1',1497378045),
	(654,5,'leave','website',NULL,NULL,NULL,NULL,1497378048),
	(655,5,'enter','website','/users/mikey','default','Chrome 60.0.3112 / Mac OS X 10.12.6','::1',1497378050),
	(656,NULL,'leave','website',NULL,NULL,NULL,NULL,1497405650),
	(657,5,'navigate','/videos',NULL,NULL,'Chrome 60.0.3112 / Mac OS X 10.12.6','::1',1497430248),
	(658,5,'navigate','/videos/6',NULL,NULL,'Chrome 60.0.3112 / Mac OS X 10.12.6','::1',1497430251),
	(659,5,'leave','website',NULL,NULL,NULL,NULL,1497430259),
	(660,5,'enter','website','/videos/6','default','Chrome 60.0.3112 / Mac OS X 10.12.6','::1',1497430262),
	(661,5,'leave','website',NULL,NULL,NULL,NULL,1497430462),
	(662,5,'enter','website','/videos/6','default','Chrome 60.0.3112 / Mac OS X 10.12.6','::1',1497430466),
	(663,5,'navigate','/',NULL,NULL,'Chrome 60.0.3112 / Mac OS X 10.12.6','::1',1497442682),
	(664,5,'enter','chat',NULL,'default',NULL,NULL,1497449017),
	(665,5,'navigate','/videos',NULL,NULL,'Chrome 60.0.3112 / Mac OS X 10.12.6','::1',1497449342),
	(666,5,'navigate','/links',NULL,NULL,'Chrome 60.0.3112 / Mac OS X 10.12.6','::1',1497449354),
	(667,5,'navigate','/videos',NULL,NULL,'Chrome 60.0.3112 / Mac OS X 10.12.6','::1',1497449356),
	(668,5,'navigate','/links',NULL,NULL,'Chrome 60.0.3112 / Mac OS X 10.12.6','::1',1497449357),
	(669,5,'navigate','/videos',NULL,NULL,'Chrome 60.0.3112 / Mac OS X 10.12.6','::1',1497449365),
	(670,5,'navigate','/',NULL,NULL,'Chrome 60.0.3112 / Mac OS X 10.12.6','::1',1497449378),
	(671,5,'leave','website',NULL,NULL,NULL,NULL,1497453056),
	(672,5,'enter','website','/','default','Chrome 60.0.3112 / Mac OS X 10.12.6','::1',1497453060),
	(673,5,'navigate','/videos',NULL,NULL,'Chrome 60.0.3112 / Mac OS X 10.12.6','::1',1497453101),
	(674,5,'navigate','/',NULL,NULL,'Chrome 60.0.3112 / Mac OS X 10.12.6','::1',1497453110),
	(675,5,'leave','website',NULL,NULL,NULL,NULL,1497459634),
	(676,5,'enter','website','/','default','Chrome 60.0.3112 / Mac OS X 10.12.6','::1',1497489465),
	(677,5,'navigate','/users',NULL,NULL,'Chrome 60.0.3112 / Mac OS X 10.12.6','::1',1497489468),
	(678,5,'enter','website','/users','default','Chrome 60.0.3112 / Mac OS X 10.12.6','::1',1497489649),
	(679,5,'enter','website','/users','default','Chrome 60.0.3112 / Mac OS X 10.12.6','::1',1497489687),
	(680,5,'enter','website','/users','default','Chrome 60.0.3112 / Mac OS X 10.12.6','::1',1497489731),
	(681,5,'enter','website','/users','default','Chrome 60.0.3112 / Mac OS X 10.12.6','::1',1497489772),
	(682,5,'enter','website','/users','default','Chrome 60.0.3112 / Mac OS X 10.12.6','::1',1497489893),
	(683,5,'enter','website','/users','default','Chrome 60.0.3112 / Mac OS X 10.12.6','::1',1497489917),
	(684,5,'enter','website','/users','default','Chrome 60.0.3112 / Mac OS X 10.12.6','::1',1497490032),
	(685,5,'enter','website','/users','default','Chrome 60.0.3112 / Mac OS X 10.12.6','::1',1497490085),
	(686,5,'leave','website',NULL,NULL,NULL,NULL,1497490168),
	(687,5,'enter','website','/users','default','Chrome 60.0.3112 / Mac OS X 10.12.6','::1',1497490170),
	(688,5,'enter','website','/users','default','Chrome 60.0.3112 / Mac OS X 10.12.6','::1',1497490260),
	(689,5,'enter','website','/users','default','Chrome 60.0.3112 / Mac OS X 10.12.6','::1',1497490285),
	(690,5,'leave','website',NULL,NULL,NULL,NULL,1497490289),
	(691,5,'enter','website','/users','default','Chrome 60.0.3112 / Mac OS X 10.12.6','::1',1497490290),
	(692,5,'enter','website','/users','default','Chrome 60.0.3112 / Mac OS X 10.12.6','::1',1497490315),
	(693,5,'enter','website','/users','default','Chrome 60.0.3112 / Mac OS X 10.12.6','::1',1497490373),
	(694,5,'leave','website',NULL,NULL,NULL,NULL,1497491407),
	(695,5,'enter','website','/users','default','Chrome 60.0.3112 / Mac OS X 10.12.6','::1',1497491410),
	(696,5,'leave','website',NULL,NULL,NULL,NULL,1497491461),
	(697,NULL,'leave','website',NULL,NULL,NULL,NULL,1497573413),
	(698,5,'enter','website','/','default','Chrome 60.0.3112 / Mac OS X 10.12.6','::1',1497660660),
	(699,5,'leave','website',NULL,NULL,NULL,NULL,1497660676),
	(700,5,'logout',NULL,NULL,NULL,'Chrome 60.0.3112 / Mac OS X 10.12.6','::1',1497660676),
	(701,NULL,'enter','website','/','default','Chrome 60.0.3112 / Mac OS X 10.12.6','::1',1497660734),
	(702,NULL,'enter','website','/','default','Chrome 60.0.3112 / Mac OS X 10.12.6','::1',1497660751),
	(703,NULL,'enter','website','/','default','Chrome 60.0.3112 / Mac OS X 10.12.6','::1',1497660790),
	(704,5,'login',NULL,NULL,NULL,'Chrome 60.0.3112 / Mac OS X 10.12.6','::1',1497660793),
	(705,5,'navigate','/links',NULL,NULL,'Chrome 60.0.3112 / Mac OS X 10.12.6','::1',1497660796),
	(706,5,'leave','website',NULL,NULL,NULL,NULL,1497660798),
	(707,5,'logout',NULL,NULL,NULL,'Chrome 60.0.3112 / Mac OS X 10.12.6','::1',1497660798),
	(708,5,'login',NULL,NULL,NULL,'Chrome 60.0.3112 / Mac OS X 10.12.6','::1',1497660800),
	(709,5,'leave','website',NULL,NULL,NULL,NULL,1497662694),
	(710,NULL,'leave','website',NULL,NULL,NULL,NULL,1497673606),
	(711,5,'enter','website','/','default','Chrome 60.0.3112 / Mac OS X 10.12.6','::1',1497779660),
	(712,5,'navigate','/videos',NULL,NULL,'Chrome 60.0.3112 / Mac OS X 10.12.6','::1',1497779666),
	(713,5,'leave','website',NULL,NULL,NULL,NULL,1497779998),
	(714,5,'enter','website','/','default','Chrome 60.0.3112 / Mac OS X 10.12.6','::1',1497796377),
	(715,5,'enter','chat',NULL,'default',NULL,NULL,1497796384),
	(716,5,'navigate','/users',NULL,NULL,'Chrome 60.0.3112 / Mac OS X 10.12.6','::1',1497796394),
	(717,5,'navigate','/users/mikey',NULL,NULL,'Chrome 60.0.3112 / Mac OS X 10.12.6','::1',1497796395),
	(718,5,'navigate','/',NULL,NULL,'Chrome 60.0.3112 / Mac OS X 10.12.6','::1',1497796398),
	(719,5,'navigate','/videos',NULL,NULL,'Chrome 60.0.3112 / Mac OS X 10.12.6','::1',1497796404),
	(720,5,'navigate','/links',NULL,NULL,'Chrome 60.0.3112 / Mac OS X 10.12.6','::1',1497796408),
	(721,5,'navigate','/links/53',NULL,NULL,'Chrome 60.0.3112 / Mac OS X 10.12.6','::1',1497796410),
	(722,5,'navigate','/links/51',NULL,NULL,'Chrome 60.0.3112 / Mac OS X 10.12.6','::1',1497796414),
	(723,5,'leave','website',NULL,NULL,NULL,NULL,1497796418),
	(724,5,'enter','website','/links/51','default','Chrome 60.0.3112 / Mac OS X 10.12.6','::1',1497796421),
	(725,5,'navigate','/',NULL,NULL,'Chrome 60.0.3112 / Mac OS X 10.12.6','::1',1497797433),
	(726,NULL,'leave','website',NULL,NULL,NULL,NULL,1497798416),
	(727,5,'enter','website','/','default','Chrome 60.0.3112 / Mac OS X 10.12.6','::1',1497861953),
	(728,5,'navigate','/videos/6',NULL,NULL,'Chrome 60.0.3112 / Mac OS X 10.12.6','::1',1497861961),
	(729,5,'navigate','/videos/67',NULL,NULL,'Chrome 60.0.3112 / Mac OS X 10.12.6','::1',1497861968),
	(730,5,'navigate','/videos/54',NULL,NULL,'Chrome 60.0.3112 / Mac OS X 10.12.6','::1',1497861972),
	(731,5,'navigate','/videos/87',NULL,NULL,'Chrome 60.0.3112 / Mac OS X 10.12.6','::1',1497861976),
	(732,5,'leave','website',NULL,NULL,NULL,NULL,1497862311),
	(733,5,'enter','website','/videos/87','default','Chrome 60.0.3112 / Mac OS X 10.12.6','::1',1497862314),
	(734,5,'leave','website',NULL,NULL,NULL,NULL,1497862431),
	(735,5,'enter','website','/videos/87','default','Chrome 60.0.3112 / Mac OS X 10.12.6','::1',1497862435),
	(736,5,'navigate','/',NULL,NULL,'Chrome 60.0.3112 / Mac OS X 10.12.6','::1',1497862517),
	(737,5,'enter','website','/','default','Chrome 60.0.3112 / Mac OS X 10.12.6','::1',1498022537),
	(738,5,'navigate','/videos',NULL,NULL,'Chrome 60.0.3112 / Mac OS X 10.12.6','::1',1498022545),
	(739,5,'leave','website',NULL,NULL,NULL,NULL,1498023160),
	(740,5,'enter','website','/videos','default','Chrome 60.0.3112 / Mac OS X 10.12.6','::1',1498023164),
	(741,5,'leave','website',NULL,NULL,NULL,NULL,1498024827),
	(742,5,'enter','website','/videos','default','Chrome 60.0.3112 / Mac OS X 10.12.6','::1',1498024831),
	(743,NULL,'leave','website',NULL,NULL,NULL,NULL,1498025104),
	(744,NULL,'leave','website',NULL,NULL,NULL,NULL,1498025467),
	(745,5,'leave','website',NULL,NULL,NULL,NULL,1498025524),
	(746,5,'enter','website','/videos','default','Chrome 60.0.3112 / Mac OS X 10.12.6','::1',1498025530),
	(747,5,'leave','website',NULL,NULL,NULL,NULL,1498026687),
	(748,5,'enter','website','/','default','Chrome 60.0.3112 / Mac OS X 10.12.6','::1',1498027137),
	(749,5,'navigate','/videos',NULL,NULL,'Chrome 60.0.3112 / Mac OS X 10.12.6','::1',1498027141),
	(750,NULL,'leave','website',NULL,NULL,NULL,NULL,1498028174),
	(751,5,'leave','website',NULL,NULL,NULL,NULL,1498031351),
	(752,5,'enter','website','/','default','Chrome 60.0.3112 / Mac OS X 10.12.6','::1',1498037655),
	(753,5,'navigate','/videos',NULL,NULL,'Chrome 60.0.3112 / Mac OS X 10.12.6','::1',1498037660),
	(754,5,'leave','website',NULL,NULL,NULL,NULL,1498038249),
	(755,5,'enter','website','/videos','default','Chrome 60.0.3112 / Mac OS X 10.12.6','::1',1498038253),
	(756,5,'leave','website',NULL,NULL,NULL,NULL,1498038697),
	(757,5,'enter','website','/videos','default','Chrome 60.0.3112 / Mac OS X 10.12.6','::1',1498038702),
	(758,5,'leave','website',NULL,NULL,NULL,NULL,1498039171),
	(759,5,'enter','website','/videos','default','Chrome 60.0.3112 / Mac OS X 10.12.6','::1',1498039175),
	(760,5,'leave','website',NULL,NULL,NULL,NULL,1498039363),
	(761,5,'enter','website','/','default','Chrome 60.0.3112 / Mac OS X 10.12.6','::1',1498041383),
	(762,5,'navigate','/videos',NULL,NULL,'Chrome 60.0.3112 / Mac OS X 10.12.6','::1',1498041386),
	(763,5,'leave','website',NULL,NULL,NULL,NULL,1498041418),
	(764,5,'enter','website','/','default','Chrome 60.0.3112 / Mac OS X 10.12.6','::1',1498041700),
	(765,5,'navigate','/videos',NULL,NULL,'Chrome 60.0.3112 / Mac OS X 10.12.6','::1',1498041753),
	(766,5,'navigate','/links',NULL,NULL,'Chrome 60.0.3112 / Mac OS X 10.12.6','::1',1498041793),
	(767,5,'leave','website',NULL,NULL,NULL,NULL,1498041797),
	(768,5,'enter','website','/','default','Chrome 60.0.3112 / Mac OS X 10.12.6','::1',1498050140),
	(769,5,'navigate','/videos',NULL,NULL,'Chrome 60.0.3112 / Mac OS X 10.12.6','::1',1498050143),
	(770,5,'leave','website',NULL,NULL,NULL,NULL,1498050313),
	(771,5,'enter','website','/','default','Chrome 60.0.3112 / Mac OS X 10.12.6','::1',1498050598),
	(772,5,'navigate','/videos',NULL,NULL,'Chrome 60.0.3112 / Mac OS X 10.12.6','::1',1498050601),
	(773,5,'navigate','/',NULL,NULL,'Chrome 60.0.3112 / Mac OS X 10.12.6','::1',1498050648),
	(774,5,'leave','website',NULL,NULL,NULL,NULL,1498050652),
	(775,5,'enter','website','/','default','Chrome 60.0.3112 / Mac OS X 10.12.6','::1',1498089608),
	(776,5,'enter','chat',NULL,'default',NULL,NULL,1498089614),
	(777,5,'navigate','/videos',NULL,NULL,'Chrome 60.0.3112 / Mac OS X 10.12.6','::1',1498089617),
	(778,NULL,'leave','website',NULL,NULL,NULL,NULL,1498089789),
	(779,5,'enter','website','/videos','default','Chrome 60.0.3112 / Mac OS X 10.12.6','::1',1498089792),
	(780,5,'leave','website',NULL,NULL,NULL,NULL,1498089806),
	(781,5,'enter','website','/videos','default','Chrome 60.0.3112 / Mac OS X 10.12.6','::1',1498089808),
	(782,5,'enter','website','/videos','default','Chrome 60.0.3112 / Mac OS X 10.12.6','::1',1498090659),
	(783,5,'leave','website',NULL,NULL,NULL,NULL,1498090695),
	(784,5,'enter','website','/videos','default','Chrome 60.0.3112 / Mac OS X 10.12.6','::1',1498090697),
	(785,5,'enter','website','/videos','default','Chrome 60.0.3112 / Mac OS X 10.12.6','::1',1498090725),
	(786,5,'leave','website',NULL,NULL,NULL,NULL,1498090774),
	(787,5,'enter','website','/videos','default','Chrome 60.0.3112 / Mac OS X 10.12.6','::1',1498090777),
	(788,5,'leave','website',NULL,NULL,NULL,NULL,1498090878),
	(789,5,'enter','website','/videos','default','Chrome 60.0.3112 / Mac OS X 10.12.6','::1',1498090881),
	(790,5,'enter','website','/videos','default','Chrome 60.0.3112 / Mac OS X 10.12.6','::1',1498090987),
	(791,5,'leave','website',NULL,NULL,NULL,NULL,1498091031),
	(792,5,'enter','website','/videos','default','Chrome 60.0.3112 / Mac OS X 10.12.6','::1',1498091035),
	(793,5,'leave','website',NULL,NULL,NULL,NULL,1498091140),
	(794,5,'enter','website','/videos','default','Chrome 60.0.3112 / Mac OS X 10.12.6','::1',1498091144),
	(795,5,'leave','website',NULL,NULL,NULL,NULL,1498091303),
	(796,5,'enter','website','/','default','Chrome 60.0.3112 / Mac OS X 10.12.6','::1',1498106552),
	(797,5,'navigate','/videos',NULL,NULL,'Chrome 60.0.3112 / Mac OS X 10.12.6','::1',1498106585),
	(798,NULL,'leave','website',NULL,NULL,NULL,NULL,1498106695),
	(799,5,'enter','website','/','default','Chrome 60.0.3112 / Mac OS X 10.12.6','::1',1498394230),
	(800,5,'navigate','/users/mikey',NULL,NULL,'Chrome 60.0.3112 / Mac OS X 10.12.6','::1',1498394234),
	(801,5,'navigate','/users/mikey/links',NULL,NULL,'Chrome 60.0.3112 / Mac OS X 10.12.6','::1',1498394236),
	(802,5,'navigate','/links/51',NULL,NULL,'Chrome 60.0.3112 / Mac OS X 10.12.6','::1',1498394240),
	(803,5,'navigate','/links/51',NULL,NULL,'Chrome 60.0.3112 / Mac OS X 10.12.6','::1',1498394248),
	(804,5,'leave','website',NULL,NULL,NULL,NULL,1498394363),
	(805,NULL,'leave','website',NULL,NULL,NULL,NULL,1498396412),
	(806,5,'enter','website','/','default','Chrome 60.0.3112 / Mac OS X 10.12.6','::1',1498438571),
	(807,5,'navigate','/videos',NULL,NULL,'Chrome 60.0.3112 / Mac OS X 10.12.6','::1',1498438574),
	(808,5,'navigate','/links',NULL,NULL,'Chrome 60.0.3112 / Mac OS X 10.12.6','::1',1498438578),
	(809,5,'navigate','/',NULL,NULL,'Chrome 60.0.3112 / Mac OS X 10.12.6','::1',1498438581),
	(810,5,'leave','website',NULL,NULL,NULL,NULL,1498438605),
	(811,5,'enter','website','/','default','Chrome 60.0.3112 / Mac OS X 10.12.6','::1',1498438728),
	(812,5,'leave','website',NULL,NULL,NULL,NULL,1498438812),
	(813,5,'enter','website','/','default','Chrome 60.0.3112 / Mac OS X 10.12.6','::1',1498438814),
	(814,5,'leave','website',NULL,NULL,NULL,NULL,1498439405),
	(815,5,'enter','website','/','default','Chrome 60.0.3112 / Mac OS X 10.12.6','::1',1498439408),
	(816,5,'enter','chat',NULL,'default',NULL,NULL,1498439638),
	(817,5,'enter','website','/','default','Chrome 60.0.3112 / Mac OS X 10.12.6','::1',1498439685),
	(818,5,'leave','website',NULL,NULL,NULL,NULL,1498440750),
	(819,5,'enter','website','/','default','Chrome 60.0.3112 / Mac OS X 10.12.6','::1',1498440753),
	(820,5,'enter','chat',NULL,'default',NULL,NULL,1498440756),
	(821,5,'leave','website',NULL,NULL,NULL,NULL,1498441881),
	(822,5,'enter','website','/','default','Chrome 60.0.3112 / Mac OS X 10.12.6','::1',1498441884),
	(823,5,'enter','chat',NULL,'default',NULL,NULL,1498441893),
	(824,5,'enter','website','/','default','Chrome 60.0.3112 / Mac OS X 10.12.6','::1',1498470047),
	(825,5,'leave','website',NULL,NULL,NULL,NULL,1498470457),
	(826,NULL,'leave','website',NULL,NULL,NULL,NULL,1498470482),
	(827,NULL,'leave','website',NULL,NULL,NULL,NULL,1498470499),
	(828,NULL,'leave','website',NULL,NULL,NULL,NULL,1498470503),
	(829,NULL,'leave','website',NULL,NULL,NULL,NULL,1498470665),
	(830,5,'enter','website','/','default','Chrome 60.0.3112 / Mac OS X 10.12.6','::1',1498470748),
	(831,5,'leave','website',NULL,NULL,NULL,NULL,1498470804),
	(832,5,'enter','website','/','default','Chrome 60.0.3112 / Mac OS X 10.12.6','::1',1498470807),
	(833,5,'navigate','/videos',NULL,NULL,'Chrome 60.0.3112 / Mac OS X 10.12.6','::1',1498471588),
	(834,5,'navigate','/',NULL,NULL,'Chrome 60.0.3112 / Mac OS X 10.12.6','::1',1498471648),
	(835,5,'navigate','/videos',NULL,NULL,'Chrome 60.0.3112 / Mac OS X 10.12.6','::1',1498471650),
	(836,5,'leave','website',NULL,NULL,NULL,NULL,1498471910),
	(837,5,'enter','website','/videos','default','Chrome 60.0.3112 / Mac OS X 10.12.6','::1',1498471913),
	(838,5,'navigate','/',NULL,NULL,'Chrome 60.0.3112 / Mac OS X 10.12.6','::1',1498471946),
	(839,5,'enter','website','/','default','Chrome 60.0.3112 / Mac OS X 10.12.6','::1',1498472077),
	(840,5,'leave','website',NULL,NULL,NULL,NULL,1498472158),
	(841,5,'enter','website','/','default','Chrome 60.0.3112 / Mac OS X 10.12.6','::1',1498480898),
	(842,5,'navigate','/https://www.twin-kle.com/videos/1857',NULL,NULL,'Chrome 60.0.3112 / Mac OS X 10.12.6','::1',1498480902),
	(843,5,'navigate','/',NULL,NULL,'Chrome 60.0.3112 / Mac OS X 10.12.6','::1',1498480934),
	(844,5,'navigate','/videos/1857',NULL,NULL,'Chrome 60.0.3112 / Mac OS X 10.12.6','::1',1498480935),
	(845,5,'leave','website',NULL,NULL,NULL,NULL,1498480946),
	(846,5,'enter','website','/videos/1857','default','Chrome 60.0.3112 / Mac OS X 10.12.6','::1',1498480949),
	(847,5,'navigate','/',NULL,NULL,'Chrome 60.0.3112 / Mac OS X 10.12.6','::1',1498480954),
	(848,5,'navigate','/videos/1857',NULL,NULL,'Chrome 60.0.3112 / Mac OS X 10.12.6','::1',1498480956),
	(849,5,'navigate','/videos/1857',NULL,NULL,'Chrome 60.0.3112 / Mac OS X 10.12.6','::1',1498481071),
	(850,5,'navigate','/',NULL,NULL,'Chrome 60.0.3112 / Mac OS X 10.12.6','::1',1498481295),
	(851,5,'navigate','/videos/1857',NULL,NULL,'Chrome 60.0.3112 / Mac OS X 10.12.6','::1',1498481298),
	(852,5,'leave','website',NULL,NULL,NULL,NULL,1498481303),
	(853,5,'enter','website','/','default','Chrome 60.0.3112 / Mac OS X 10.12.6','::1',1498481307),
	(854,5,'navigate','/videos/1857',NULL,NULL,'Chrome 60.0.3112 / Mac OS X 10.12.6','::1',1498481312),
	(855,5,'navigate','/',NULL,NULL,'Chrome 60.0.3112 / Mac OS X 10.12.6','::1',1498481334),
	(856,5,'leave','website',NULL,NULL,NULL,NULL,1498481418),
	(857,5,'enter','website','/','default','Chrome 60.0.3112 / Mac OS X 10.12.6','::1',1498481423),
	(858,5,'navigate','/videos/1857',NULL,NULL,'Chrome 60.0.3112 / Mac OS X 10.12.6','::1',1498481428),
	(859,5,'navigate','/',NULL,NULL,'Chrome 60.0.3112 / Mac OS X 10.12.6','::1',1498481430),
	(860,NULL,'leave','website',NULL,NULL,NULL,NULL,1498481432),
	(861,5,'leave','website',NULL,NULL,NULL,NULL,1498481531),
	(862,5,'enter','website','/','default','Chrome 60.0.3112 / Mac OS X 10.12.6','::1',1498519576),
	(863,5,'navigate','/users/mikey',NULL,NULL,'Chrome 60.0.3112 / Mac OS X 10.12.6','::1',1498519592),
	(864,5,'leave','website',NULL,NULL,NULL,NULL,1498519603),
	(865,5,'enter','website','/','default','Chrome 60.0.3112 / Mac OS X 10.12.6','::1',1498519613),
	(866,5,'navigate','/users/mikey',NULL,NULL,'Chrome 60.0.3112 / Mac OS X 10.12.6','::1',1498519623),
	(867,5,'navigate','/users',NULL,NULL,'Chrome 60.0.3112 / Mac OS X 10.12.6','::1',1498519631),
	(868,5,'leave','website',NULL,NULL,NULL,NULL,1498519649),
	(869,5,'enter','website','/','default','Chrome 60.0.3112 / Mac OS X 10.12.6','::1',1498519836),
	(870,5,'navigate','/users',NULL,NULL,'Chrome 60.0.3112 / Mac OS X 10.12.6','::1',1498519839),
	(871,5,'navigate','/',NULL,NULL,'Chrome 60.0.3112 / Mac OS X 10.12.6','::1',1498519845),
	(872,5,'leave','website',NULL,NULL,NULL,NULL,1498519898),
	(873,5,'enter','website','/','default','Chrome 60.0.3112 / Mac OS X 10.12.6','::1',1498519902),
	(874,5,'leave','website',NULL,NULL,NULL,NULL,1498519953),
	(875,NULL,'leave','website',NULL,NULL,NULL,NULL,1498606207),
	(876,5,'enter','website','/','default','Chrome 60.0.3112 / Mac OS X 10.12.6','::1',1498748965),
	(877,5,'navigate','/videos',NULL,NULL,'Chrome 60.0.3112 / Mac OS X 10.12.6','::1',1498748971),
	(878,5,'navigate','/videos',NULL,NULL,'Chrome 60.0.3112 / Mac OS X 10.12.6','::1',1498749692),
	(879,5,'leave','website',NULL,NULL,NULL,NULL,1498749694),
	(880,5,'enter','website','/videos','default','Chrome 60.0.3112 / Mac OS X 10.12.6','::1',1498749697),
	(881,5,'navigate','/',NULL,NULL,'Chrome 60.0.3112 / Mac OS X 10.12.6','::1',1498751121),
	(882,5,'leave','website',NULL,NULL,NULL,NULL,1498751533),
	(883,5,'enter','website','/','default','Chrome 60.0.3112 / Mac OS X 10.12.6','::1',1498785526),
	(884,5,'navigate','/videos',NULL,NULL,'Chrome 60.0.3112 / Mac OS X 10.12.6','::1',1498785673),
	(885,NULL,'leave','website',NULL,NULL,NULL,NULL,1498790105),
	(886,5,'navigate','/videos/88',NULL,NULL,'Chrome 60.0.3112 / Mac OS X 10.12.6','::1',1498790494),
	(887,5,'leave','website',NULL,NULL,NULL,NULL,1498790808),
	(888,5,'enter','website','/videos','default','Chrome 60.0.3112 / Mac OS X 10.12.6','::1',1498790811),
	(889,5,'leave','website',NULL,NULL,NULL,NULL,1498790881),
	(890,5,'enter','website','/videos','default','Chrome 60.0.3112 / Mac OS X 10.12.6','::1',1498790885),
	(891,5,'leave','website',NULL,NULL,NULL,NULL,1498790940),
	(892,5,'enter','website','/videos','default','Chrome 60.0.3112 / Mac OS X 10.12.6','::1',1498790943),
	(893,5,'leave','website',NULL,NULL,NULL,NULL,1498791157),
	(894,5,'enter','website','/videos','default','Chrome 60.0.3112 / Mac OS X 10.12.6','::1',1498791162),
	(895,5,'leave','website',NULL,NULL,NULL,NULL,1498791426),
	(896,5,'enter','website','/videos','default','Chrome 60.0.3112 / Mac OS X 10.12.6','::1',1498791430),
	(897,5,'leave','website',NULL,NULL,NULL,NULL,1498797145),
	(898,5,'enter','website','/videos','default','Chrome 60.0.3112 / Mac OS X 10.12.6','::1',1498797148),
	(899,5,'leave','website',NULL,NULL,NULL,NULL,1498798303),
	(900,5,'enter','website','/videos','default','Chrome 60.0.3112 / Mac OS X 10.12.6','::1',1498798306),
	(901,5,'leave','website',NULL,NULL,NULL,NULL,1498801007),
	(902,5,'enter','website','/videos','default','Chrome 60.0.3112 / Mac OS X 10.12.6','::1',1498801010),
	(903,5,'enter','website','/videos','default','Chrome 60.0.3112 / Mac OS X 10.12.6','::1',1498801040),
	(904,5,'leave','website',NULL,NULL,NULL,NULL,1498801045),
	(905,5,'enter','website','/videos','default','Chrome 60.0.3112 / Mac OS X 10.12.6','::1',1498801047),
	(906,5,'leave','website',NULL,NULL,NULL,NULL,1498801049),
	(907,5,'enter','website','/videos','default','Chrome 60.0.3112 / Mac OS X 10.12.6','::1',1498801049),
	(908,5,'enter','website','/videos','default','Chrome 60.0.3112 / Mac OS X 10.12.6','::1',1498801800),
	(909,5,'enter','website','/videos','default','Chrome 60.0.3112 / Mac OS X 10.12.6','::1',1498801821),
	(910,5,'enter','website','/videos','default','Chrome 60.0.3112 / Mac OS X 10.12.6','::1',1498802131),
	(911,5,'leave','website',NULL,NULL,NULL,NULL,1498802158),
	(912,5,'enter','website','/videos','default','Chrome 60.0.3112 / Mac OS X 10.12.6','::1',1498802163),
	(913,5,'enter','website','/videos','default','Chrome 60.0.3112 / Mac OS X 10.12.6','::1',1498802197),
	(914,5,'leave','website',NULL,NULL,NULL,NULL,1498802221),
	(915,5,'enter','website','/videos','default','Chrome 60.0.3112 / Mac OS X 10.12.6','::1',1498802223),
	(916,5,'leave','website',NULL,NULL,NULL,NULL,1498802299),
	(917,5,'enter','website','/videos','default','Chrome 60.0.3112 / Mac OS X 10.12.6','::1',1498802302),
	(918,5,'leave','website',NULL,NULL,NULL,NULL,1498802329),
	(919,5,'enter','website','/videos','default','Chrome 60.0.3112 / Mac OS X 10.12.6','::1',1498802332),
	(920,5,'leave','website',NULL,NULL,NULL,NULL,1498802478),
	(921,5,'enter','website','/videos','default','Chrome 60.0.3112 / Mac OS X 10.12.6','::1',1498802481),
	(922,5,'leave','website',NULL,NULL,NULL,NULL,1498802718),
	(923,5,'enter','website','/videos','default','Chrome 60.0.3112 / Mac OS X 10.12.6','::1',1498802721),
	(924,5,'leave','website',NULL,NULL,NULL,NULL,1498803485),
	(925,5,'enter','website','/videos','default','Chrome 60.0.3112 / Mac OS X 10.12.6','::1',1498803488),
	(926,5,'navigate','/',NULL,NULL,'Chrome 60.0.3112 / Mac OS X 10.12.6','::1',1498803492),
	(927,5,'leave','website',NULL,NULL,NULL,NULL,1498803493),
	(928,5,'enter','website','/','default','Chrome 60.0.3112 / Mac OS X 10.12.6','::1',1498803495),
	(929,5,'navigate','/videos',NULL,NULL,'Chrome 60.0.3112 / Mac OS X 10.12.6','::1',1498803498),
	(930,5,'leave','website',NULL,NULL,NULL,NULL,1498803510),
	(931,5,'enter','website','/videos','default','Chrome 60.0.3112 / Mac OS X 10.12.6','::1',1498803512),
	(932,5,'leave','website',NULL,NULL,NULL,NULL,1498804043),
	(933,5,'enter','website','/videos','default','Chrome 60.0.3112 / Mac OS X 10.12.6','::1',1498804046),
	(934,5,'leave','website',NULL,NULL,NULL,NULL,1498804617),
	(935,5,'enter','website','/videos','default','Chrome 60.0.3112 / Mac OS X 10.12.6','::1',1498804620),
	(936,5,'enter','website','/videos','default','Chrome 60.0.3112 / Mac OS X 10.12.6','::1',1498805320),
	(937,5,'leave','website',NULL,NULL,NULL,NULL,1498805336),
	(938,5,'enter','website','/videos','default','Chrome 60.0.3112 / Mac OS X 10.12.6','::1',1498805337),
	(939,NULL,'leave','website',NULL,NULL,NULL,NULL,1498805375),
	(940,5,'enter','website','/videos','default','Chrome 60.0.3112 / Mac OS X 10.12.6','::1',1498805377),
	(941,5,'leave','website',NULL,NULL,NULL,NULL,1498805380),
	(942,5,'enter','website','/videos','default','Chrome 60.0.3112 / Mac OS X 10.12.6','::1',1498805380),
	(943,5,'leave','website',NULL,NULL,NULL,NULL,1498805571),
	(944,5,'enter','website','/videos','default','Chrome 60.0.3112 / Mac OS X 10.12.6','::1',1498805575),
	(945,5,'navigate','/videos/undefined',NULL,NULL,'Chrome 60.0.3112 / Mac OS X 10.12.6','::1',1498806150),
	(946,5,'leave','website',NULL,NULL,NULL,NULL,1498807141),
	(947,5,'enter','website','/videos','default','Chrome 60.0.3112 / Mac OS X 10.12.6','::1',1498807144),
	(948,5,'navigate','/videos/86',NULL,NULL,'Chrome 60.0.3112 / Mac OS X 10.12.6','::1',1498807292),
	(949,5,'navigate','/videos/88',NULL,NULL,'Chrome 60.0.3112 / Mac OS X 10.12.6','::1',1498807470),
	(950,5,'navigate','/',NULL,NULL,'Chrome 60.0.3112 / Mac OS X 10.12.6','::1',1498807672),
	(951,5,'navigate','/videos',NULL,NULL,'Chrome 60.0.3112 / Mac OS X 10.12.6','::1',1498807677),
	(952,5,'navigate','/videos/70',NULL,NULL,'Chrome 60.0.3112 / Mac OS X 10.12.6','::1',1498807683),
	(953,5,'navigate','/videos/12',NULL,NULL,'Chrome 60.0.3112 / Mac OS X 10.12.6','::1',1498807696),
	(954,5,'navigate','/',NULL,NULL,'Chrome 60.0.3112 / Mac OS X 10.12.6','::1',1498807734),
	(955,5,'navigate','/videos',NULL,NULL,'Chrome 60.0.3112 / Mac OS X 10.12.6','::1',1498807776),
	(956,5,'leave','website',NULL,NULL,NULL,NULL,1498807793),
	(957,5,'enter','website','/videos','default','Chrome 60.0.3112 / Mac OS X 10.12.6','::1',1498807796),
	(958,5,'navigate','/videos/72',NULL,NULL,'Chrome 60.0.3112 / Mac OS X 10.12.6','::1',1498807995),
	(959,5,'enter','website','/videos','default','Chrome 60.0.3112 / Mac OS X 10.12.6','::1',1498808593),
	(960,5,'leave','website',NULL,NULL,NULL,NULL,1498809216),
	(961,5,'enter','website','/videos','default','Chrome 60.0.3112 / Mac OS X 10.12.6','::1',1498809223),
	(962,5,'navigate','/',NULL,NULL,'Chrome 60.0.3112 / Mac OS X 10.12.6','::1',1498811225),
	(963,5,'navigate','/videos',NULL,NULL,'Chrome 60.0.3112 / Mac OS X 10.12.6','::1',1498811326),
	(964,5,'navigate','/',NULL,NULL,'Chrome 60.0.3112 / Mac OS X 10.12.6','::1',1498811401),
	(965,5,'navigate','/links',NULL,NULL,'Chrome 60.0.3112 / Mac OS X 10.12.6','::1',1498811404),
	(966,5,'navigate','/',NULL,NULL,'Chrome 60.0.3112 / Mac OS X 10.12.6','::1',1498811413),
	(967,5,'navigate','/videos',NULL,NULL,'Chrome 60.0.3112 / Mac OS X 10.12.6','::1',1498812977),
	(968,5,'leave','website',NULL,NULL,NULL,NULL,1498817543),
	(969,5,'enter','website','/videos','default','Chrome 60.0.3112 / Mac OS X 10.12.6','::1',1498817547),
	(970,5,'leave','website',NULL,NULL,NULL,NULL,1498818035),
	(971,5,'enter','website','/videos','default','Chrome 60.0.3112 / Mac OS X 10.12.6','::1',1498818041),
	(972,5,'enter','chat',NULL,'default',NULL,NULL,1498818050),
	(973,NULL,'leave','website',NULL,NULL,NULL,NULL,1498819953),
	(974,5,'enter','website','/videos','default','Chrome 60.0.3112 / Mac OS X 10.12.6','::1',1498819961),
	(975,5,'leave','website',NULL,NULL,NULL,NULL,1498820107),
	(976,5,'enter','website','/videos','default','Chrome 60.0.3112 / Mac OS X 10.12.6','::1',1498820113),
	(977,5,'leave','website',NULL,NULL,NULL,NULL,1498820130),
	(978,5,'enter','website','/videos','default','Chrome 60.0.3112 / Mac OS X 10.12.6','::1',1498820135),
	(979,5,'leave','website',NULL,NULL,NULL,NULL,1498820194),
	(980,5,'enter','website','/videos','default','Chrome 60.0.3112 / Mac OS X 10.12.6','::1',1498820199),
	(981,5,'leave','website',NULL,NULL,NULL,NULL,1498820942),
	(982,5,'enter','website','/videos','default','Chrome 60.0.3112 / Mac OS X 10.12.6','::1',1498820948),
	(983,5,'leave','website',NULL,NULL,NULL,NULL,1498821058),
	(984,5,'enter','website','/videos','default','Chrome 60.0.3112 / Mac OS X 10.12.6','::1',1498821065),
	(985,5,'leave','website',NULL,NULL,NULL,NULL,1498821089),
	(986,5,'enter','website','/videos','default','Chrome 60.0.3112 / Mac OS X 10.12.6','::1',1498821094),
	(987,NULL,'leave','website',NULL,NULL,NULL,NULL,1498821124),
	(988,5,'leave','website',NULL,NULL,NULL,NULL,1498821313),
	(989,5,'enter','website','/videos','default','Chrome 60.0.3112 / Mac OS X 10.12.6','::1',1498821318),
	(990,5,'leave','website',NULL,NULL,NULL,NULL,1498821472),
	(991,5,'enter','website','/videos','default','Chrome 60.0.3112 / Mac OS X 10.12.6','::1',1498821477),
	(992,5,'enter','website','/videos','default','Chrome 60.0.3112 / Mac OS X 10.12.6','::1',1498821580),
	(993,5,'enter','website','/','default','Chrome 60.0.3112 / Mac OS X 10.12.6','::1',1498822957),
	(994,5,'navigate','/videos',NULL,NULL,'Chrome 60.0.3112 / Mac OS X 10.12.6','::1',1498822960),
	(995,5,'leave','website',NULL,NULL,NULL,NULL,1498823591),
	(996,NULL,'leave','website',NULL,NULL,NULL,NULL,1498835139),
	(997,5,'enter','website','/','default','Chrome 60.0.3112 / Mac OS X 10.12.6','::1',1498881103),
	(998,5,'search','link','52',NULL,'Chrome 60.0.3112 / Mac OS X 10.12.6','::1',1498881115),
	(999,5,'navigate','/links/52',NULL,NULL,'Chrome 60.0.3112 / Mac OS X 10.12.6','::1',1498881115),
	(1000,5,'navigate','/links',NULL,NULL,'Chrome 60.0.3112 / Mac OS X 10.12.6','::1',1498881126),
	(1001,5,'search','link','52',NULL,'Chrome 60.0.3112 / Mac OS X 10.12.6','::1',1498881130),
	(1002,5,'navigate','/links/52',NULL,NULL,'Chrome 60.0.3112 / Mac OS X 10.12.6','::1',1498881130),
	(1003,5,'navigate','/videos',NULL,NULL,'Chrome 60.0.3112 / Mac OS X 10.12.6','::1',1498881301),
	(1004,5,'search','link','37',NULL,'Chrome 60.0.3112 / Mac OS X 10.12.6','::1',1498881329),
	(1005,5,'navigate','/links/37',NULL,NULL,'Chrome 60.0.3112 / Mac OS X 10.12.6','::1',1498881329),
	(1006,5,'leave','website',NULL,NULL,NULL,NULL,1498881501),
	(1007,5,'enter','website','/links/37','default','Chrome 60.0.3112 / Mac OS X 10.12.6','::1',1498881507),
	(1008,5,'search','link','53',NULL,'Chrome 60.0.3112 / Mac OS X 10.12.6','::1',1498881521),
	(1009,5,'navigate','/links/53',NULL,NULL,'Chrome 60.0.3112 / Mac OS X 10.12.6','::1',1498881521),
	(1010,5,'leave','website',NULL,NULL,NULL,NULL,1498881690),
	(1011,5,'enter','website','/links/53','default','Chrome 60.0.3112 / Mac OS X 10.12.6','::1',1498881696),
	(1012,5,'search','link','51',NULL,'Chrome 60.0.3112 / Mac OS X 10.12.6','::1',1498881710),
	(1013,5,'navigate','/links/51',NULL,NULL,'Chrome 60.0.3112 / Mac OS X 10.12.6','::1',1498881711),
	(1014,5,'search','link','43',NULL,'Chrome 60.0.3112 / Mac OS X 10.12.6','::1',1498881717),
	(1015,5,'navigate','/links/43',NULL,NULL,'Chrome 60.0.3112 / Mac OS X 10.12.6','::1',1498881717),
	(1016,5,'leave','website',NULL,NULL,NULL,NULL,1498882460),
	(1017,5,'enter','website','/','default','Chrome 60.0.3112 / Mac OS X 10.12.6','::1',1498958858),
	(1018,5,'navigate','/videos',NULL,NULL,'Chrome 60.0.3112 / Mac OS X 10.12.6','::1',1498958863),
	(1019,5,'leave','website',NULL,NULL,NULL,NULL,1498960394),
	(1020,NULL,'leave','website',NULL,NULL,NULL,NULL,1498960485),
	(1021,5,'enter','website','/videos','default','Chrome 60.0.3112 / Mac OS X 10.12.6','::1',1498960489),
	(1022,5,'leave','website',NULL,NULL,NULL,NULL,1498960648),
	(1023,5,'enter','website','/videos','default','Chrome 60.0.3112 / Mac OS X 10.12.6','::1',1498960652),
	(1024,5,'leave','website',NULL,NULL,NULL,NULL,1498960698),
	(1025,5,'enter','website','/videos','default','Chrome 60.0.3112 / Mac OS X 10.12.6','::1',1498960703),
	(1026,5,'leave','website',NULL,NULL,NULL,NULL,1498961214),
	(1027,5,'enter','website','/','default','Chrome 60.0.3112 / Mac OS X 10.12.6','::1',1498984562),
	(1028,5,'navigate','/videos',NULL,NULL,'Chrome 60.0.3112 / Mac OS X 10.12.6','::1',1498984567),
	(1029,5,'navigate','/videos/3',NULL,NULL,'Chrome 60.0.3112 / Mac OS X 10.12.6','::1',1498984599),
	(1030,5,'enter','website','/videos','default','Chrome 60.0.3112 / Mac OS X 10.12.6','::1',1498984843),
	(1031,5,'leave','website',NULL,NULL,NULL,NULL,1498984855),
	(1032,5,'enter','website','/videos','default','Chrome 60.0.3112 / Mac OS X 10.12.6','::1',1498984860),
	(1033,5,'leave','website',NULL,NULL,NULL,NULL,1498985066),
	(1034,5,'enter','website','/videos','default','Chrome 60.0.3112 / Mac OS X 10.12.6','::1',1498985074),
	(1035,5,'navigate','/videos/85',NULL,NULL,'Chrome 60.0.3112 / Mac OS X 10.12.6','::1',1498985087),
	(1036,5,'navigate','/videos',NULL,NULL,'Chrome 60.0.3112 / Mac OS X 10.12.6','::1',1498985336),
	(1037,5,'navigate','/videos/86',NULL,NULL,'Chrome 60.0.3112 / Mac OS X 10.12.6','::1',1498985338),
	(1038,NULL,'leave','website',NULL,NULL,NULL,NULL,1498985348),
	(1039,5,'leave','website',NULL,NULL,NULL,NULL,1498985357),
	(1040,5,'enter','website','/videos/86','default','Chrome 60.0.3112 / Mac OS X 10.12.6','::1',1498985364),
	(1041,5,'navigate','/videos',NULL,NULL,'Chrome 60.0.3112 / Mac OS X 10.12.6','::1',1498985375),
	(1042,5,'navigate','/videos/88',NULL,NULL,'Chrome 60.0.3112 / Mac OS X 10.12.6','::1',1498985379),
	(1043,5,'navigate','/videos/46',NULL,NULL,'Chrome 60.0.3112 / Mac OS X 10.12.6','::1',1498985387),
	(1044,5,'navigate','/videos/7',NULL,NULL,'Chrome 60.0.3112 / Mac OS X 10.12.6','::1',1498985392),
	(1045,5,'navigate','/videos/89',NULL,NULL,'Chrome 60.0.3112 / Mac OS X 10.12.6','::1',1498985408),
	(1046,5,'navigate','/',NULL,NULL,'Chrome 60.0.3112 / Mac OS X 10.12.6','::1',1498985413),
	(1047,NULL,'leave','website',NULL,NULL,NULL,NULL,1498985953),
	(1048,5,'leave','website',NULL,NULL,NULL,NULL,1498986181),
	(1049,5,'enter','website','/','default','Chrome 60.0.3112 / Mac OS X 10.12.6','::1',1498986187),
	(1050,5,'navigate','/videos',NULL,NULL,'Chrome 60.0.3112 / Mac OS X 10.12.6','::1',1498986192),
	(1051,5,'navigate','/videos/85',NULL,NULL,'Chrome 60.0.3112 / Mac OS X 10.12.6','::1',1498986196),
	(1052,5,'navigate','/videos',NULL,NULL,'Chrome 60.0.3112 / Mac OS X 10.12.6','::1',1498986205),
	(1053,5,'navigate','/videos/87',NULL,NULL,'Chrome 60.0.3112 / Mac OS X 10.12.6','::1',1498986208),
	(1054,5,'navigate','/',NULL,NULL,'Chrome 60.0.3112 / Mac OS X 10.12.6','::1',1498986221),
	(1055,5,'leave','website',NULL,NULL,NULL,NULL,1498986334),
	(1056,5,'enter','website','/','default','Chrome 60.0.3112 / Mac OS X 10.12.6','::1',1498986339),
	(1057,5,'enter','chat',NULL,'default',NULL,NULL,1498986343),
	(1058,5,'navigate','/videos',NULL,NULL,'Chrome 60.0.3112 / Mac OS X 10.12.6','::1',1498986349),
	(1059,5,'navigate','/videos/85',NULL,NULL,'Chrome 60.0.3112 / Mac OS X 10.12.6','::1',1498986352),
	(1060,5,'navigate','/',NULL,NULL,'Chrome 60.0.3112 / Mac OS X 10.12.6','::1',1498986364),
	(1061,5,'navigate','/videos/92',NULL,NULL,'Chrome 60.0.3112 / Mac OS X 10.12.6','::1',1498986369),
	(1062,5,'navigate','/videos',NULL,NULL,'Chrome 60.0.3112 / Mac OS X 10.12.6','::1',1498986375),
	(1063,5,'navigate','/videos/38',NULL,NULL,'Chrome 60.0.3112 / Mac OS X 10.12.6','::1',1498986381),
	(1064,5,'navigate','/',NULL,NULL,'Chrome 60.0.3112 / Mac OS X 10.12.6','::1',1498986386),
	(1065,5,'navigate','/videos',NULL,NULL,'Chrome 60.0.3112 / Mac OS X 10.12.6','::1',1498987024),
	(1066,5,'navigate','/videos/86',NULL,NULL,'Chrome 60.0.3112 / Mac OS X 10.12.6','::1',1498987025),
	(1067,5,'leave','website',NULL,NULL,NULL,NULL,1498987033),
	(1068,NULL,'leave','website',NULL,NULL,NULL,NULL,1498987055),
	(1069,5,'enter','website','/videos/86','default','Chrome 60.0.3112 / Mac OS X 10.12.6','::1',1498987057),
	(1070,NULL,'leave','website',NULL,NULL,NULL,NULL,1498987068),
	(1071,5,'navigate','/videos',NULL,NULL,'Chrome 60.0.3112 / Mac OS X 10.12.6','::1',1498987078),
	(1072,5,'navigate','/videos/85',NULL,NULL,'Chrome 60.0.3112 / Mac OS X 10.12.6','::1',1498987168),
	(1073,5,'navigate','/videos',NULL,NULL,'Chrome 60.0.3112 / Mac OS X 10.12.6','::1',1498987172),
	(1074,5,'leave','website',NULL,NULL,NULL,NULL,1498987175),
	(1075,5,'enter','website','/videos','default','Chrome 60.0.3112 / Mac OS X 10.12.6','::1',1498987178),
	(1076,5,'navigate','/videos/65',NULL,NULL,'Chrome 60.0.3112 / Mac OS X 10.12.6','::1',1498987182),
	(1077,5,'navigate','/videos',NULL,NULL,'Chrome 60.0.3112 / Mac OS X 10.12.6','::1',1498987191),
	(1078,5,'navigate','/videos/91',NULL,NULL,'Chrome 60.0.3112 / Mac OS X 10.12.6','::1',1498987193),
	(1079,5,'navigate','/videos',NULL,NULL,'Chrome 60.0.3112 / Mac OS X 10.12.6','::1',1498987198),
	(1080,5,'leave','website',NULL,NULL,NULL,NULL,1498991779),
	(1081,5,'enter','website','/','default','Chrome 60.0.3112 / Mac OS X 10.12.6','::1',1499038668),
	(1082,5,'navigate','/videos',NULL,NULL,'Chrome 60.0.3112 / Mac OS X 10.12.6','::1',1499038675),
	(1083,5,'enter','website','/videos/86','default','Chrome 60.0.3112 / Mac OS X 10.12.6','::1',1499038683),
	(1084,5,'leave','website',NULL,NULL,NULL,NULL,1499038693),
	(1085,5,'enter','website','/videos','default','Chrome 60.0.3112 / Mac OS X 10.12.6','::1',1499038694),
	(1086,5,'leave','website',NULL,NULL,NULL,NULL,1499039543),
	(1087,5,'enter','website','/videos','default','Chrome 60.0.3112 / Mac OS X 10.12.6','::1',1499039660),
	(1088,5,'navigate','/',NULL,NULL,'Chrome 60.0.3112 / Mac OS X 10.12.6','::1',1499040675),
	(1089,5,'leave','website',NULL,NULL,NULL,NULL,1499045413),
	(1090,NULL,'leave','website',NULL,NULL,NULL,NULL,1499045812),
	(1091,5,'enter','website','/','default','Chrome 60.0.3112 / Mac OS X 10.12.6','::1',1499080021),
	(1092,5,'navigate','/videos',NULL,NULL,'Chrome 60.0.3112 / Mac OS X 10.12.6','::1',1499080037),
	(1093,5,'navigate','/videos/86',NULL,NULL,'Chrome 60.0.3112 / Mac OS X 10.12.6','::1',1499080040),
	(1094,5,'navigate','/videos/88',NULL,NULL,'Chrome 60.0.3112 / Mac OS X 10.12.6','::1',1499080064),
	(1095,5,'enter','website','/videos','default','Chrome 60.0.3112 / Mac OS X 10.12.6','::1',1499080261),
	(1096,5,'navigate','/videos/88',NULL,NULL,'Chrome 60.0.3112 / Mac OS X 10.12.6','::1',1499080265),
	(1097,5,'leave','website',NULL,NULL,NULL,NULL,1499080319),
	(1098,5,'enter','website','/videos/88','default','Chrome 60.0.3112 / Mac OS X 10.12.6','::1',1499080321),
	(1099,5,'enter','website','/videos/88','default','Chrome 60.0.3112 / Mac OS X 10.12.6','::1',1499080367),
	(1100,5,'enter','website','/videos/88','default','Chrome 60.0.3112 / Mac OS X 10.12.6','::1',1499080421),
	(1101,5,'enter','website','/videos/88','default','Chrome 60.0.3112 / Mac OS X 10.12.6','::1',1499080466),
	(1102,5,'navigate','/videos/88',NULL,NULL,'Chrome 60.0.3112 / Mac OS X 10.12.6','::1',1499080488),
	(1103,5,'navigate','/',NULL,NULL,'Chrome 60.0.3112 / Mac OS X 10.12.6','::1',1499080696),
	(1104,5,'leave','website',NULL,NULL,NULL,NULL,1499081195),
	(1105,5,'enter','website','/','default','Chrome 60.0.3112 / Mac OS X 10.12.6','::1',1499081200),
	(1106,5,'navigate','/videos',NULL,NULL,'Chrome 60.0.3112 / Mac OS X 10.12.6','::1',1499081205),
	(1107,5,'navigate','/videos/86',NULL,NULL,'Chrome 60.0.3112 / Mac OS X 10.12.6','::1',1499081208),
	(1108,5,'leave','website',NULL,NULL,NULL,NULL,1499081408),
	(1109,5,'enter','website','/videos/86','default','Chrome 60.0.3112 / Mac OS X 10.12.6','::1',1499081416),
	(1110,5,'enter','website','/videos/86','default','Chrome 60.0.3112 / Mac OS X 10.12.6','::1',1499081468),
	(1111,5,'navigate','/videos',NULL,NULL,'Chrome 60.0.3112 / Mac OS X 10.12.6','::1',1499081721),
	(1112,5,'navigate','/videos/87',NULL,NULL,'Chrome 60.0.3112 / Mac OS X 10.12.6','::1',1499081726),
	(1113,5,'navigate','/',NULL,NULL,'Chrome 60.0.3112 / Mac OS X 10.12.6','::1',1499081736),
	(1114,5,'navigate','/videos',NULL,NULL,'Chrome 60.0.3112 / Mac OS X 10.12.6','::1',1499081742),
	(1115,NULL,'leave','website',NULL,NULL,NULL,NULL,1499081763),
	(1116,5,'enter','website','/videos','default','Chrome 60.0.3112 / Mac OS X 10.12.6','::1',1499081911),
	(1117,5,'navigate','/',NULL,NULL,'Chrome 60.0.3112 / Mac OS X 10.12.6','::1',1499081916),
	(1118,NULL,'leave','website',NULL,NULL,NULL,NULL,1499081938),
	(1119,5,'enter','website','/','default','Chrome 60.0.3112 / Mac OS X 10.12.6','::1',1499084386),
	(1120,5,'navigate','/videos',NULL,NULL,'Chrome 60.0.3112 / Mac OS X 10.12.6','::1',1499084390),
	(1121,5,'leave','website',NULL,NULL,NULL,NULL,1499085315),
	(1122,5,'enter','website','/videos','default','Chrome 60.0.3112 / Mac OS X 10.12.6','::1',1499085318),
	(1123,5,'leave','website',NULL,NULL,NULL,NULL,1499085339),
	(1124,5,'enter','website','/videos','default','Chrome 60.0.3112 / Mac OS X 10.12.6','::1',1499085341),
	(1125,5,'leave','website',NULL,NULL,NULL,NULL,1499086401),
	(1126,5,'enter','website','/videos','default','Chrome 60.0.3112 / Mac OS X 10.12.6','::1',1499086403),
	(1127,5,'leave','website',NULL,NULL,NULL,NULL,1499086412),
	(1128,5,'enter','website','/videos','default','Chrome 60.0.3112 / Mac OS X 10.12.6','::1',1499086414),
	(1129,5,'leave','website',NULL,NULL,NULL,NULL,1499086575),
	(1130,5,'enter','website','/videos','default','Chrome 60.0.3112 / Mac OS X 10.12.6','::1',1499086578),
	(1131,5,'leave','website',NULL,NULL,NULL,NULL,1499086594),
	(1132,5,'enter','website','/videos','default','Chrome 60.0.3112 / Mac OS X 10.12.6','::1',1499086595),
	(1133,5,'enter','website','/videos','default','Chrome 60.0.3112 / Mac OS X 10.12.6','::1',1499086712),
	(1134,5,'leave','website',NULL,NULL,NULL,NULL,1499086721),
	(1135,5,'enter','website','/videos','default','Chrome 60.0.3112 / Mac OS X 10.12.6','::1',1499086724),
	(1136,5,'leave','website',NULL,NULL,NULL,NULL,1499086759),
	(1137,5,'enter','website','/videos','default','Chrome 60.0.3112 / Mac OS X 10.12.6','::1',1499086762),
	(1138,5,'leave','website',NULL,NULL,NULL,NULL,1499090187),
	(1139,5,'enter','website','/videos','default','Chrome 60.0.3112 / Mac OS X 10.12.6','::1',1499090190),
	(1140,5,'leave','website',NULL,NULL,NULL,NULL,1499090219),
	(1141,5,'enter','website','/videos','default','Chrome 60.0.3112 / Mac OS X 10.12.6','::1',1499090221),
	(1142,5,'leave','website',NULL,NULL,NULL,NULL,1499090554),
	(1143,5,'enter','website','/videos','default','Chrome 60.0.3112 / Mac OS X 10.12.6','::1',1499090557),
	(1144,5,'leave','website',NULL,NULL,NULL,NULL,1499090705),
	(1145,5,'enter','website','/videos','default','Chrome 60.0.3112 / Mac OS X 10.12.6','::1',1499090709),
	(1146,5,'leave','website',NULL,NULL,NULL,NULL,1499090799),
	(1147,5,'enter','website','/videos','default','Chrome 60.0.3112 / Mac OS X 10.12.6','::1',1499090803),
	(1148,5,'leave','website',NULL,NULL,NULL,NULL,1499090814),
	(1149,5,'enter','website','/videos','default','Chrome 60.0.3112 / Mac OS X 10.12.6','::1',1499090817),
	(1150,5,'leave','website',NULL,NULL,NULL,NULL,1499090885),
	(1151,5,'enter','website','/videos','default','Chrome 60.0.3112 / Mac OS X 10.12.6','::1',1499090889),
	(1152,5,'leave','website',NULL,NULL,NULL,NULL,1499090940),
	(1153,5,'enter','website','/videos','default','Chrome 60.0.3112 / Mac OS X 10.12.6','::1',1499090944),
	(1154,5,'leave','website',NULL,NULL,NULL,NULL,1499090958),
	(1155,5,'enter','website','/videos','default','Chrome 60.0.3112 / Mac OS X 10.12.6','::1',1499090962),
	(1156,5,'leave','website',NULL,NULL,NULL,NULL,1499091043),
	(1157,5,'enter','website','/videos','default','Chrome 60.0.3112 / Mac OS X 10.12.6','::1',1499091046),
	(1158,5,'leave','website',NULL,NULL,NULL,NULL,1499091220),
	(1159,5,'enter','website','/videos','default','Chrome 60.0.3112 / Mac OS X 10.12.6','::1',1499091224),
	(1160,5,'leave','website',NULL,NULL,NULL,NULL,1499091389),
	(1161,5,'enter','website','/videos','default','Chrome 60.0.3112 / Mac OS X 10.12.6','::1',1499091393),
	(1162,5,'leave','website',NULL,NULL,NULL,NULL,1499091433),
	(1163,5,'enter','website','/videos','default','Chrome 60.0.3112 / Mac OS X 10.12.6','::1',1499091436),
	(1164,5,'navigate','/videos/82',NULL,NULL,'Chrome 60.0.3112 / Mac OS X 10.12.6','::1',1499091469),
	(1165,5,'navigate','/videos/92',NULL,NULL,'Chrome 60.0.3112 / Mac OS X 10.12.6','::1',1499091482),
	(1166,5,'navigate','/videos/92',NULL,NULL,'Chrome 60.0.3112 / Mac OS X 10.12.6','::1',1499091490),
	(1167,5,'navigate','/videos/90',NULL,NULL,'Chrome 60.0.3112 / Mac OS X 10.12.6','::1',1499091514),
	(1168,5,'leave','website',NULL,NULL,NULL,NULL,1499091519),
	(1169,5,'enter','website','/videos/89','default','Chrome 60.0.3112 / Mac OS X 10.12.6','::1',1499091521),
	(1170,5,'leave','website',NULL,NULL,NULL,NULL,1499091523),
	(1171,5,'enter','website','/videos','default','Chrome 60.0.3112 / Mac OS X 10.12.6','::1',1499091525),
	(1172,5,'navigate','/videos/90',NULL,NULL,'Chrome 60.0.3112 / Mac OS X 10.12.6','::1',1499091529),
	(1173,5,'leave','website',NULL,NULL,NULL,NULL,1499091592),
	(1174,5,'enter','website','/videos','default','Chrome 60.0.3112 / Mac OS X 10.12.6','::1',1499091596),
	(1175,5,'navigate','/videos/92',NULL,NULL,'Chrome 60.0.3112 / Mac OS X 10.12.6','::1',1499091601),
	(1176,5,'navigate','/videos',NULL,NULL,'Chrome 60.0.3112 / Mac OS X 10.12.6','::1',1499091612),
	(1177,5,'leave','website',NULL,NULL,NULL,NULL,1499091622),
	(1178,5,'enter','website','/videos','default','Chrome 60.0.3112 / Mac OS X 10.12.6','::1',1499091624),
	(1179,5,'leave','website',NULL,NULL,NULL,NULL,1499092462),
	(1180,5,'enter','website','/','default','Chrome 60.0.3112 / Mac OS X 10.12.6','::1',1499143659),
	(1181,5,'navigate','/links/43',NULL,NULL,'Chrome 60.0.3112 / Mac OS X 10.12.6','::1',1499143664),
	(1182,5,'navigate','/videos',NULL,NULL,'Chrome 60.0.3112 / Mac OS X 10.12.6','::1',1499143666),
	(1183,5,'navigate','/videos/86',NULL,NULL,'Chrome 60.0.3112 / Mac OS X 10.12.6','::1',1499143669),
	(1184,5,'leave','website',NULL,NULL,NULL,NULL,1499143672),
	(1185,5,'enter','website','/videos/86','default','Chrome 60.0.3112 / Mac OS X 10.12.6','::1',1499143674),
	(1186,5,'leave','website',NULL,NULL,NULL,NULL,1499143681),
	(1187,5,'enter','website','/videos/86','default','Chrome 60.0.3112 / Mac OS X 10.12.6','::1',1499143682),
	(1188,5,'leave','website',NULL,NULL,NULL,NULL,1499143689),
	(1189,5,'enter','website','/videos/86','default','Chrome 60.0.3112 / Mac OS X 10.12.6','::1',1499143690),
	(1190,5,'navigate','/videos',NULL,NULL,'Chrome 60.0.3112 / Mac OS X 10.12.6','::1',1499143702),
	(1191,5,'navigate','/videos/86',NULL,NULL,'Chrome 60.0.3112 / Mac OS X 10.12.6','::1',1499143716),
	(1192,5,'leave','website',NULL,NULL,NULL,NULL,1499143718),
	(1193,5,'enter','website','/videos/86','default','Chrome 60.0.3112 / Mac OS X 10.12.6','::1',1499143719),
	(1194,5,'leave','website',NULL,NULL,NULL,NULL,1499143728),
	(1195,5,'enter','website','/videos/86','default','Chrome 60.0.3112 / Mac OS X 10.12.6','::1',1499143729),
	(1196,5,'navigate','/videos',NULL,NULL,'Chrome 60.0.3112 / Mac OS X 10.12.6','::1',1499143837),
	(1197,5,'navigate','/videos/85',NULL,NULL,'Chrome 60.0.3112 / Mac OS X 10.12.6','::1',1499144552),
	(1198,5,'navigate','/videos/85',NULL,NULL,'Chrome 60.0.3112 / Mac OS X 10.12.6','::1',1499144564),
	(1199,5,'navigate','/videos/46',NULL,NULL,'Chrome 60.0.3112 / Mac OS X 10.12.6','::1',1499144578),
	(1200,5,'navigate','/videos/92',NULL,NULL,'Chrome 60.0.3112 / Mac OS X 10.12.6','::1',1499144623),
	(1201,5,'leave','website',NULL,NULL,NULL,NULL,1499145003),
	(1202,5,'enter','website','/videos/92','default','Chrome 60.0.3112 / Mac OS X 10.12.6','::1',1499145006),
	(1203,5,'enter','website','/videos/92','default','Chrome 60.0.3112 / Mac OS X 10.12.6','::1',1499145038),
	(1204,5,'navigate','/videos/90',NULL,NULL,'Chrome 60.0.3112 / Mac OS X 10.12.6','::1',1499145046),
	(1205,5,'navigate','/videos/12',NULL,NULL,'Chrome 60.0.3112 / Mac OS X 10.12.6','::1',1499145206),
	(1206,5,'navigate','/videos/46',NULL,NULL,'Chrome 60.0.3112 / Mac OS X 10.12.6','::1',1499145218),
	(1207,5,'navigate','/videos/18',NULL,NULL,'Chrome 60.0.3112 / Mac OS X 10.12.6','::1',1499145229),
	(1208,5,'navigate','/videos/12',NULL,NULL,'Chrome 60.0.3112 / Mac OS X 10.12.6','::1',1499145233),
	(1209,5,'navigate','/videos/16',NULL,NULL,'Chrome 60.0.3112 / Mac OS X 10.12.6','::1',1499145240),
	(1210,5,'navigate','/videos',NULL,NULL,'Chrome 60.0.3112 / Mac OS X 10.12.6','::1',1499145251),
	(1211,5,'navigate','/videos/85',NULL,NULL,'Chrome 60.0.3112 / Mac OS X 10.12.6','::1',1499146900),
	(1212,5,'navigate','/',NULL,NULL,'Chrome 60.0.3112 / Mac OS X 10.12.6','::1',1499148312),
	(1213,5,'leave','website',NULL,NULL,NULL,NULL,1499148735),
	(1214,NULL,'leave','website',NULL,NULL,NULL,NULL,1499148740),
	(1215,NULL,'leave','website',NULL,NULL,NULL,NULL,1499148962),
	(1216,5,'enter','website','/','default','Chrome 60.0.3112 / Mac OS X 10.12.6','::1',1499148965),
	(1217,5,'enter','chat',NULL,'default',NULL,NULL,1499148967),
	(1218,5,'enter','chat',NULL,'default',NULL,NULL,1499149369),
	(1219,5,'enter','chat',NULL,'default',NULL,NULL,1499149452),
	(1220,5,'navigate','/videos',NULL,NULL,'Chrome 60.0.3112 / Mac OS X 10.12.6','::1',1499153186),
	(1221,5,'navigate','/videos/86',NULL,NULL,'Chrome 60.0.3112 / Mac OS X 10.12.6','::1',1499153189),
	(1222,5,'leave','website',NULL,NULL,NULL,NULL,1499153397),
	(1223,5,'enter','website','/videos/86','default','Chrome 60.0.3112 / Mac OS X 10.12.6','::1',1499153400),
	(1224,5,'navigate','/videos',NULL,NULL,'Chrome 60.0.3112 / Mac OS X 10.12.6','::1',1499153674),
	(1225,5,'navigate','/videos/85',NULL,NULL,'Chrome 60.0.3112 / Mac OS X 10.12.6','::1',1499153677),
	(1226,5,'navigate','/videos',NULL,NULL,'Chrome 60.0.3112 / Mac OS X 10.12.6','::1',1499153679),
	(1227,5,'navigate','/videos/92',NULL,NULL,'Chrome 60.0.3112 / Mac OS X 10.12.6','::1',1499153682),
	(1228,5,'leave','website',NULL,NULL,NULL,NULL,1499154510),
	(1229,5,'enter','website','/','default','Chrome 60.0.3112 / Mac OS X 10.12.6','::1',1499154513),
	(1230,5,'leave','website',NULL,NULL,NULL,NULL,1499154552),
	(1231,5,'enter','website','/','default','Chrome 60.0.3112 / Mac OS X 10.12.6','::1',1499154554),
	(1232,5,'leave','website',NULL,NULL,NULL,NULL,1499156158),
	(1233,5,'enter','website','/','default','Chrome 60.0.3112 / Mac OS X 10.12.6','::1',1499156161),
	(1234,5,'navigate','/videos',NULL,NULL,'Chrome 60.0.3112 / Mac OS X 10.12.6','::1',1499156164),
	(1235,5,'leave','website',NULL,NULL,NULL,NULL,1499156994),
	(1236,5,'enter','website','/videos','default','Chrome 60.0.3112 / Mac OS X 10.12.6','::1',1499156999),
	(1237,NULL,'leave','website',NULL,NULL,NULL,NULL,1499157040),
	(1238,5,'leave','website',NULL,NULL,NULL,NULL,1499157115),
	(1239,5,'enter','website','/videos','default','Chrome 60.0.3112 / Mac OS X 10.12.6','::1',1499157119),
	(1240,5,'leave','website',NULL,NULL,NULL,NULL,1499157380),
	(1241,5,'enter','website','/videos','default','Chrome 60.0.3112 / Mac OS X 10.12.6','::1',1499157384),
	(1242,5,'leave','website',NULL,NULL,NULL,NULL,1499157480),
	(1243,5,'enter','website','/','default','Chrome 60.0.3112 / Mac OS X 10.12.6','::1',1499157487),
	(1244,5,'leave','website',NULL,NULL,NULL,NULL,1499157573),
	(1245,5,'enter','website','/','default','Chrome 60.0.3112 / Mac OS X 10.12.6','::1',1499157577),
	(1246,NULL,'leave','website',NULL,NULL,NULL,NULL,1499157579),
	(1247,5,'leave','website',NULL,NULL,NULL,NULL,1499157655),
	(1248,5,'enter','website','/','default','Chrome 60.0.3112 / Mac OS X 10.12.6','::1',1499157659),
	(1249,NULL,'leave','website',NULL,NULL,NULL,NULL,1499158137),
	(1250,5,'navigate','/videos',NULL,NULL,'Chrome 60.0.3112 / Mac OS X 10.12.6','::1',1499158695),
	(1251,5,'leave','website',NULL,NULL,NULL,NULL,1499162938),
	(1252,5,'enter','website','/videos','default','Chrome 60.0.3112 / Mac OS X 10.12.6','::1',1499162943),
	(1253,5,'enter','website','/videos','default','Chrome 60.0.3112 / Mac OS X 10.12.6','::1',1499163165),
	(1254,5,'leave','website',NULL,NULL,NULL,NULL,1499163165),
	(1255,5,'enter','website','/videos','default','Chrome 60.0.3112 / Mac OS X 10.12.6','::1',1499163168),
	(1256,5,'navigate','/',NULL,NULL,'Chrome 60.0.3112 / Mac OS X 10.12.6','::1',1499163184),
	(1257,5,'navigate','/users',NULL,NULL,'Chrome 60.0.3112 / Mac OS X 10.12.6','::1',1499163187),
	(1258,5,'navigate','/videos',NULL,NULL,'Chrome 60.0.3112 / Mac OS X 10.12.6','::1',1499163209),
	(1259,5,'navigate','/',NULL,NULL,'Chrome 60.0.3112 / Mac OS X 10.12.6','::1',1499163215),
	(1260,5,'navigate','/users',NULL,NULL,'Chrome 60.0.3112 / Mac OS X 10.12.6','::1',1499163217),
	(1261,5,'navigate','/users/mikey',NULL,NULL,'Chrome 60.0.3112 / Mac OS X 10.12.6','::1',1499163303),
	(1262,5,'navigate','/',NULL,NULL,'Chrome 60.0.3112 / Mac OS X 10.12.6','::1',1499163305),
	(1263,5,'navigate','/videos',NULL,NULL,'Chrome 60.0.3112 / Mac OS X 10.12.6','::1',1499164614),
	(1264,5,'navigate','/videos/82',NULL,NULL,'Chrome 60.0.3112 / Mac OS X 10.12.6','::1',1499164620),
	(1265,5,'leave','website',NULL,NULL,NULL,NULL,1499164689),
	(1266,5,'enter','website','/videos/82','default','Chrome 60.0.3112 / Mac OS X 10.12.6','::1',1499164692),
	(1267,5,'leave','website',NULL,NULL,NULL,NULL,1499164858),
	(1268,5,'enter','website','/videos/82','default','Chrome 60.0.3112 / Mac OS X 10.12.6','::1',1499164862),
	(1269,NULL,'leave','website',NULL,NULL,NULL,NULL,1499164910),
	(1270,5,'leave','website',NULL,NULL,NULL,NULL,1499166663),
	(1271,5,'enter','website','/videos/82','default','Chrome 60.0.3112 / Mac OS X 10.12.6','::1',1499166666),
	(1272,5,'enter','website','/videos/82','default','Chrome 60.0.3112 / Mac OS X 10.12.6','::1',1499166753),
	(1273,5,'leave','website',NULL,NULL,NULL,NULL,1499166845),
	(1274,5,'enter','website','/videos/82','default','Chrome 60.0.3112 / Mac OS X 10.12.6','::1',1499166849),
	(1275,5,'navigate','/videos',NULL,NULL,'Chrome 60.0.3112 / Mac OS X 10.12.6','::1',1499166861),
	(1276,5,'leave','website',NULL,NULL,NULL,NULL,1499166912),
	(1277,5,'enter','website','/videos','default','Chrome 60.0.3112 / Mac OS X 10.12.6','::1',1499166916),
	(1278,5,'navigate','/videos/85',NULL,NULL,'Chrome 60.0.3112 / Mac OS X 10.12.6','::1',1499166919),
	(1279,5,'navigate','/videos/86',NULL,NULL,'Chrome 60.0.3112 / Mac OS X 10.12.6','::1',1499166931),
	(1280,5,'navigate','/videos/26',NULL,NULL,'Chrome 60.0.3112 / Mac OS X 10.12.6','::1',1499166948),
	(1281,5,'navigate','/videos',NULL,NULL,'Chrome 60.0.3112 / Mac OS X 10.12.6','::1',1499167010),
	(1282,5,'enter','website','/','default','Chrome 60.0.3112 / Mac OS X 10.12.6','::1',1499237840),
	(1283,5,'enter','chat',NULL,'default',NULL,NULL,1499237959),
	(1284,5,'leave','website',NULL,NULL,NULL,NULL,1499241379),
	(1285,5,'enter','website','/','default','Chrome 60.0.3112 / Mac OS X 10.12.6','::1',1499241382),
	(1286,5,'enter','chat',NULL,'default',NULL,NULL,1499241393),
	(1287,5,'enter','chat',NULL,'default',NULL,NULL,1499241604),
	(1288,NULL,'leave','website',NULL,NULL,NULL,NULL,1499242004),
	(1289,5,'leave','website',NULL,NULL,NULL,NULL,1499242090),
	(1290,5,'enter','website','/','default','Chrome 60.0.3112 / Mac OS X 10.12.6','::1',1499242093),
	(1291,5,'enter','chat',NULL,'default',NULL,NULL,1499242097),
	(1292,5,'leave','website',NULL,NULL,NULL,NULL,1499242668),
	(1293,5,'enter','website','/','default','Chrome 60.0.3112 / Mac OS X 10.12.6','::1',1499242671),
	(1294,5,'enter','chat',NULL,'default',NULL,NULL,1499242678),
	(1295,5,'enter','chat',NULL,'default',NULL,NULL,1499242844),
	(1296,5,'enter','chat',NULL,'default',NULL,NULL,1499242865),
	(1297,5,'enter','chat',NULL,'default',NULL,NULL,1499242888),
	(1298,5,'enter','chat',NULL,'default',NULL,NULL,1499242909),
	(1299,5,'enter','chat',NULL,'default',NULL,NULL,1499242926),
	(1300,5,'enter','chat',NULL,'default',NULL,NULL,1499243037),
	(1301,5,'enter','chat',NULL,'default',NULL,NULL,1499243089),
	(1302,5,'enter','chat',NULL,'default',NULL,NULL,1499243319),
	(1303,5,'enter','chat',NULL,'default',NULL,NULL,1499243360),
	(1304,5,'enter','chat',NULL,'default',NULL,NULL,1499243385),
	(1305,5,'enter','chat',NULL,'default',NULL,NULL,1499243430),
	(1306,5,'enter','chat',NULL,'default',NULL,NULL,1499243477),
	(1307,5,'enter','chat',NULL,'default',NULL,NULL,1499243501),
	(1308,5,'enter','chat',NULL,'default',NULL,NULL,1499243530),
	(1309,5,'enter','chat',NULL,'default',NULL,NULL,1499243574),
	(1310,5,'enter','chat',NULL,'default',NULL,NULL,1499243618),
	(1311,5,'enter','chat',NULL,'default',NULL,NULL,1499243838),
	(1312,5,'enter','chat',NULL,'default',NULL,NULL,1499244465),
	(1313,5,'enter','chat',NULL,'default',NULL,NULL,1499244819),
	(1314,5,'enter','chat',NULL,'default',NULL,NULL,1499244850),
	(1315,5,'enter','chat',NULL,'default',NULL,NULL,1499244885),
	(1316,5,'enter','chat',NULL,'default',NULL,NULL,1499245003),
	(1317,5,'enter','chat',NULL,'default',NULL,NULL,1499245096),
	(1318,5,'enter','chat',NULL,'default',NULL,NULL,1499245125),
	(1319,5,'enter','chat',NULL,'default',NULL,NULL,1499245253),
	(1320,5,'enter','chat',NULL,'default',NULL,NULL,1499245301),
	(1321,5,'enter','chat',NULL,'default',NULL,NULL,1499249057),
	(1322,5,'enter','chat',NULL,'default',NULL,NULL,1499253470),
	(1323,5,'enter','chat',NULL,'default',NULL,NULL,1499253538),
	(1324,5,'enter','chat',NULL,'default',NULL,NULL,1499253582),
	(1325,5,'enter','chat',NULL,'default',NULL,NULL,1499253702),
	(1326,5,'enter','chat',NULL,'default',NULL,NULL,1499253936),
	(1327,5,'enter','chat',NULL,'default',NULL,NULL,1499254106),
	(1328,5,'enter','website','/','default','Chrome 60.0.3112 / Mac OS X 10.12.6','::1',1499254701),
	(1329,5,'leave','website',NULL,NULL,NULL,NULL,1499254791),
	(1330,5,'enter','website','/','default','Chrome 60.0.3112 / Mac OS X 10.12.6','::1',1499254797),
	(1331,5,'enter','chat',NULL,'default',NULL,NULL,1499254800),
	(1332,5,'enter','chat',NULL,'default',NULL,NULL,1499255764),
	(1333,5,'enter','chat',NULL,'default',NULL,NULL,1499255944),
	(1334,5,'enter','chat',NULL,'default',NULL,NULL,1499256027),
	(1335,5,'enter','chat',NULL,'default',NULL,NULL,1499256089),
	(1336,5,'enter','chat',NULL,'default',NULL,NULL,1499256181),
	(1337,5,'navigate','/users/mikey',NULL,NULL,'Chrome 60.0.3112 / Mac OS X 10.12.6','::1',1499260458),
	(1338,5,'navigate','/',NULL,NULL,'Chrome 60.0.3112 / Mac OS X 10.12.6','::1',1499260467),
	(1339,5,'navigate','/users',NULL,NULL,'Chrome 60.0.3112 / Mac OS X 10.12.6','::1',1499260481),
	(1340,5,'navigate','/',NULL,NULL,'Chrome 60.0.3112 / Mac OS X 10.12.6','::1',1499260484),
	(1341,5,'leave','website',NULL,NULL,NULL,NULL,1499260486),
	(1342,5,'logout',NULL,NULL,NULL,'Chrome 60.0.3112 / Mac OS X 10.12.6','::1',1499260486),
	(1343,5,'login',NULL,NULL,NULL,'Chrome 60.0.3112 / Mac OS X 10.12.6','::1',1499260491),
	(1344,5,'leave','website',NULL,NULL,NULL,NULL,1499260951),
	(1345,5,'enter','website','/','default','Chrome 60.0.3112 / Mac OS X 10.12.6','::1',1499260956),
	(1346,5,'navigate','/users/mikey',NULL,NULL,'Chrome 60.0.3112 / Mac OS X 10.12.6','::1',1499261029),
	(1347,5,'navigate','/users',NULL,NULL,'Chrome 60.0.3112 / Mac OS X 10.12.6','::1',1499261341),
	(1348,5,'navigate','/',NULL,NULL,'Chrome 60.0.3112 / Mac OS X 10.12.6','::1',1499261344),
	(1349,5,'enter','chat',NULL,'default',NULL,NULL,1499261353),
	(1350,5,'navigate','/videos',NULL,NULL,'Chrome 60.0.3112 / Mac OS X 10.12.6','::1',1499261374),
	(1351,5,'navigate','/links',NULL,NULL,'Chrome 60.0.3112 / Mac OS X 10.12.6','::1',1499261376),
	(1352,5,'navigate','/',NULL,NULL,'Chrome 60.0.3112 / Mac OS X 10.12.6','::1',1499261380),
	(1353,5,'leave','website',NULL,NULL,NULL,NULL,1499261509),
	(1354,5,'enter','website','/','default','Chrome 60.0.3112 / Mac OS X 10.12.6','::1',1499261514),
	(1355,5,'enter','chat',NULL,'default',NULL,NULL,1499261517),
	(1356,5,'leave','website',NULL,NULL,NULL,NULL,1499261576),
	(1357,5,'enter','website','/','default','Chrome 60.0.3112 / Mac OS X 10.12.6','::1',1499261581),
	(1358,5,'enter','website','/','default','Chrome 60.0.3112 / Mac OS X 10.12.6','::1',1499261660),
	(1359,5,'enter','website','/','default','Chrome 60.0.3112 / Mac OS X 10.12.6','::1',1499261689),
	(1360,5,'enter','website','/','default','Chrome 60.0.3112 / Mac OS X 10.12.6','::1',1499261723),
	(1361,5,'enter','website','/','default','Chrome 60.0.3112 / Mac OS X 10.12.6','::1',1499261795),
	(1362,5,'enter','website','/','default','Chrome 60.0.3112 / Mac OS X 10.12.6','::1',1499261874),
	(1363,5,'enter','website','/','default','Chrome 60.0.3112 / Mac OS X 10.12.6','::1',1499262132),
	(1364,5,'enter','website','/','default','Chrome 60.0.3112 / Mac OS X 10.12.6','::1',1499262209),
	(1365,5,'enter','website','/','default','Chrome 60.0.3112 / Mac OS X 10.12.6','::1',1499262216),
	(1366,5,'enter','chat',NULL,'default',NULL,NULL,1499262243),
	(1367,NULL,'leave','website',NULL,NULL,NULL,NULL,1499263734),
	(1368,5,'navigate','/users',NULL,NULL,'Chrome 60.0.3112 / Mac OS X 10.12.6','::1',1499269368),
	(1369,5,'leave','website',NULL,NULL,NULL,NULL,1499269378),
	(1370,5,'enter','website','/users','default','Chrome 60.0.3112 / Mac OS X 10.12.6','::1',1499269529),
	(1371,5,'enter','chat',NULL,'default',NULL,NULL,1499269534),
	(1372,5,'navigate','/',NULL,NULL,'Chrome 60.0.3112 / Mac OS X 10.12.6','::1',1499269565),
	(1373,NULL,'leave','website',NULL,NULL,NULL,NULL,1499273472),
	(1374,5,'navigate','/users',NULL,NULL,'Chrome 60.0.3112 / Mac OS X 10.12.6','::1',1499274354),
	(1375,5,'navigate','/users/mikey',NULL,NULL,'Chrome 60.0.3112 / Mac OS X 10.12.6','::1',1499274355),
	(1376,5,'navigate','/users/mikey',NULL,NULL,'Chrome 60.0.3112 / Mac OS X 10.12.6','::1',1499274356),
	(1377,5,'navigate','/',NULL,NULL,'Chrome 60.0.3112 / Mac OS X 10.12.6','::1',1499274358),
	(1378,5,'navigate','/users',NULL,NULL,'Chrome 60.0.3112 / Mac OS X 10.12.6','::1',1499304065),
	(1379,5,'navigate','/',NULL,NULL,'Chrome 60.0.3112 / Mac OS X 10.12.6','::1',1499304067),
	(1380,5,'leave','website',NULL,NULL,NULL,NULL,1499305370),
	(1381,5,'enter','website','/','default','Chrome 60.0.3112 / Mac OS X 10.12.6','::1',1499305376),
	(1382,5,'enter','chat',NULL,'default',NULL,NULL,1499305380),
	(1383,5,'enter','website','/','default','Chrome 60.0.3112 / Mac OS X 10.12.6','::1',1499306141),
	(1384,5,'enter','website','/','default','Chrome 60.0.3112 / Mac OS X 10.12.6','::1',1499306188),
	(1385,NULL,'leave','website',NULL,NULL,NULL,NULL,1499306261),
	(1386,5,'enter','chat',NULL,'default',NULL,NULL,1499307172),
	(1387,5,'leave','website',NULL,NULL,NULL,NULL,1499307182),
	(1388,5,'enter','website','/','default','Chrome 60.0.3112 / Mac OS X 10.12.6','::1',1499307189),
	(1389,5,'enter','chat',NULL,'default',NULL,NULL,1499307192),
	(1390,5,'enter','chat',NULL,'default',NULL,NULL,1499307264),
	(1391,5,'leave','website',NULL,NULL,NULL,NULL,1499307266),
	(1392,5,'enter','website','/','default','Chrome 60.0.3112 / Mac OS X 10.12.6','::1',1499307271),
	(1393,5,'enter','chat',NULL,'default',NULL,NULL,1499307275),
	(1394,5,'enter','chat',NULL,'default',NULL,NULL,1499307302),
	(1395,5,'enter','chat',NULL,'default',NULL,NULL,1499307384),
	(1396,5,'leave','website',NULL,NULL,NULL,NULL,1499307401),
	(1397,5,'enter','website','/','default','Chrome 60.0.3112 / Mac OS X 10.12.6','::1',1499307406),
	(1398,5,'enter','chat',NULL,'default',NULL,NULL,1499307408),
	(1399,5,'enter','website','/','default','Chrome 60.0.3112 / Mac OS X 10.12.6','::1',1499307546),
	(1400,5,'leave','website',NULL,NULL,NULL,NULL,1499307547),
	(1401,5,'enter','website','/','default','Chrome 60.0.3112 / Mac OS X 10.12.6','::1',1499307553),
	(1402,5,'enter','chat',NULL,'default',NULL,NULL,1499307561),
	(1403,5,'leave','website',NULL,NULL,NULL,NULL,1499307708),
	(1404,5,'enter','website','/','default','Chrome 60.0.3112 / Mac OS X 10.12.6','::1',1499307714),
	(1405,5,'enter','chat',NULL,'default',NULL,NULL,1499307721),
	(1406,5,'enter','website','/','default','Chrome 60.0.3112 / Mac OS X 10.12.6','::1',1499307835),
	(1407,5,'enter','chat',NULL,'default',NULL,NULL,1499307840),
	(1408,5,'enter','chat',NULL,'default',NULL,NULL,1499307937),
	(1409,5,'leave','website',NULL,NULL,NULL,NULL,1499307952),
	(1410,5,'enter','website','/','default','Chrome 60.0.3112 / Mac OS X 10.12.6','::1',1499307956),
	(1411,5,'enter','chat',NULL,'default',NULL,NULL,1499307959),
	(1412,5,'enter','chat',NULL,'default',NULL,NULL,1499308027),
	(1413,5,'enter','chat',NULL,'default',NULL,NULL,1499308043),
	(1414,5,'leave','website',NULL,NULL,NULL,NULL,1499308156),
	(1415,5,'enter','website','/','default','Chrome 60.0.3112 / Mac OS X 10.12.6','::1',1499308163),
	(1416,5,'enter','chat',NULL,'default',NULL,NULL,1499308167),
	(1417,5,'enter','chat',NULL,'default',NULL,NULL,1499311708),
	(1418,5,'enter','chat',NULL,'default',NULL,NULL,1499311779),
	(1419,5,'enter','chat',NULL,'default',NULL,NULL,1499311925),
	(1420,5,'enter','chat',NULL,'default',NULL,NULL,1499312118),
	(1421,5,'enter','chat',NULL,'default',NULL,NULL,1499312137),
	(1422,5,'enter','chat',NULL,'default',NULL,NULL,1499312324),
	(1423,5,'search','video','92',NULL,'Chrome 60.0.3112 / Mac OS X 10.12.6','::1',1499312383),
	(1424,5,'navigate','/videos/92',NULL,NULL,'Chrome 60.0.3112 / Mac OS X 10.12.6','::1',1499312384),
	(1425,5,'navigate','/',NULL,NULL,'Chrome 60.0.3112 / Mac OS X 10.12.6','::1',1499312388),
	(1426,5,'search','video','94',NULL,'Chrome 60.0.3112 / Mac OS X 10.12.6','::1',1499312423),
	(1427,5,'navigate','/videos/94',NULL,NULL,'Chrome 60.0.3112 / Mac OS X 10.12.6','::1',1499312423),
	(1428,5,'search','link','53',NULL,'Chrome 60.0.3112 / Mac OS X 10.12.6','::1',1499312443),
	(1429,5,'navigate','/links/53',NULL,NULL,'Chrome 60.0.3112 / Mac OS X 10.12.6','::1',1499312443),
	(1430,5,'search','video','67',NULL,'Chrome 60.0.3112 / Mac OS X 10.12.6','::1',1499312449),
	(1431,5,'navigate','/videos/67',NULL,NULL,'Chrome 60.0.3112 / Mac OS X 10.12.6','::1',1499312449),
	(1432,5,'navigate','/',NULL,NULL,'Chrome 60.0.3112 / Mac OS X 10.12.6','::1',1499312472),
	(1433,5,'search','video','94',NULL,'Chrome 60.0.3112 / Mac OS X 10.12.6','::1',1499312477),
	(1434,5,'navigate','/videos/94',NULL,NULL,'Chrome 60.0.3112 / Mac OS X 10.12.6','::1',1499312477),
	(1435,5,'navigate','/',NULL,NULL,'Chrome 60.0.3112 / Mac OS X 10.12.6','::1',1499312480),
	(1436,5,'search','video','20',NULL,'Chrome 60.0.3112 / Mac OS X 10.12.6','::1',1499312490),
	(1437,5,'navigate','/videos/20',NULL,NULL,'Chrome 60.0.3112 / Mac OS X 10.12.6','::1',1499312491),
	(1438,5,'navigate','/',NULL,NULL,'Chrome 60.0.3112 / Mac OS X 10.12.6','::1',1499312495),
	(1439,5,'search','video','47',NULL,'Chrome 60.0.3112 / Mac OS X 10.12.6','::1',1499312514),
	(1440,5,'navigate','/videos/47',NULL,NULL,'Chrome 60.0.3112 / Mac OS X 10.12.6','::1',1499312514),
	(1441,5,'navigate','/',NULL,NULL,'Chrome 60.0.3112 / Mac OS X 10.12.6','::1',1499312518),
	(1442,5,'leave','website',NULL,NULL,NULL,NULL,1499312526),
	(1443,5,'enter','website','/','default','Chrome 60.0.3112 / Mac OS X 10.12.6','::1',1499312532),
	(1444,5,'search','video','73',NULL,'Chrome 60.0.3112 / Mac OS X 10.12.6','::1',1499312541),
	(1445,5,'navigate','/videos/73',NULL,NULL,'Chrome 60.0.3112 / Mac OS X 10.12.6','::1',1499312541),
	(1446,5,'enter','website','/videos/73','default','Chrome 60.0.3112 / Mac OS X 10.12.6','::1',1499312766),
	(1447,5,'navigate','/',NULL,NULL,'Chrome 60.0.3112 / Mac OS X 10.12.6','::1',1499312778),
	(1448,5,'search','video','73',NULL,'Chrome 60.0.3112 / Mac OS X 10.12.6','::1',1499312796),
	(1449,5,'navigate','/videos/73',NULL,NULL,'Chrome 60.0.3112 / Mac OS X 10.12.6','::1',1499312796),
	(1450,5,'navigate','/',NULL,NULL,'Chrome 60.0.3112 / Mac OS X 10.12.6','::1',1499312854),
	(1451,5,'search','video','73',NULL,'Chrome 60.0.3112 / Mac OS X 10.12.6','::1',1499312860),
	(1452,5,'navigate','/videos/73',NULL,NULL,'Chrome 60.0.3112 / Mac OS X 10.12.6','::1',1499312861),
	(1453,5,'navigate','/',NULL,NULL,'Chrome 60.0.3112 / Mac OS X 10.12.6','::1',1499312878),
	(1454,5,'leave','website',NULL,NULL,NULL,NULL,1499313206),
	(1455,5,'enter','website','/','default','Chrome 60.0.3112 / Mac OS X 10.12.6','::1',1499313211),
	(1456,5,'search','link','40',NULL,'Chrome 60.0.3112 / Mac OS X 10.12.6','::1',1499313219),
	(1457,5,'navigate','/links/40',NULL,NULL,'Chrome 60.0.3112 / Mac OS X 10.12.6','::1',1499313220),
	(1458,5,'enter','chat',NULL,'default',NULL,NULL,1499313222),
	(1459,5,'navigate','/',NULL,NULL,'Chrome 60.0.3112 / Mac OS X 10.12.6','::1',1499313271),
	(1460,5,'enter','chat',NULL,'default',NULL,NULL,1499313732),
	(1461,5,'enter','chat',NULL,'default',NULL,NULL,1499314463),
	(1462,5,'enter','chat',NULL,'default',NULL,NULL,1499314532),
	(1463,5,'leave','website',NULL,NULL,NULL,NULL,1499314545),
	(1464,5,'enter','website','/','default','Chrome 60.0.3112 / Mac OS X 10.12.6','::1',1499314557),
	(1465,5,'enter','chat',NULL,'default',NULL,NULL,1499314563),
	(1466,NULL,'leave','website',NULL,NULL,NULL,NULL,1499314839),
	(1467,5,'enter','chat',NULL,'default',NULL,NULL,1499315130),
	(1468,5,'enter','chat',NULL,'default',NULL,NULL,1499315198),
	(1469,5,'enter','chat',NULL,'default',NULL,NULL,1499315385),
	(1470,NULL,'leave','website',NULL,NULL,NULL,NULL,1499315496),
	(1471,234,'leave','website',NULL,NULL,NULL,NULL,1499315712),
	(1472,234,'logout',NULL,NULL,NULL,'Chrome 60.0.3112 / Mac OS X 10.12.6','::1',1499315713),
	(1473,5,'login',NULL,NULL,NULL,'Chrome 60.0.3112 / Mac OS X 10.12.6','::1',1499331927),
	(1474,5,'leave','website',NULL,NULL,NULL,NULL,1499331930),
	(1475,5,'enter','website','/','default','Chrome 60.0.3112 / Mac OS X 10.12.6','::1',1499331934),
	(1476,5,'enter','chat',NULL,'default',NULL,NULL,1499331946),
	(1477,5,'leave','website',NULL,NULL,NULL,NULL,1499332314),
	(1478,5,'enter','website','/','default','Chrome 60.0.3112 / Mac OS X 10.12.6','::1',1499332319),
	(1479,5,'enter','chat',NULL,'default',NULL,NULL,1499332322),
	(1480,NULL,'leave','website',NULL,NULL,NULL,NULL,1499332390),
	(1481,NULL,'leave','website',NULL,NULL,NULL,NULL,1499347375),
	(1482,5,'enter','website','/','default','Chrome 60.0.3112 / Mac OS X 10.12.6','::1',1499347378),
	(1483,5,'enter','chat',NULL,'default',NULL,NULL,1499347765),
	(1484,5,'enter','chat',NULL,'default',NULL,NULL,1499348530),
	(1485,NULL,'leave','website',NULL,NULL,NULL,NULL,1499348544),
	(1486,5,'enter','chat',NULL,'default',NULL,NULL,1499348787),
	(1487,5,'leave','website',NULL,NULL,NULL,NULL,1499348797),
	(1488,5,'enter','website','/','default','Chrome 60.0.3112 / Mac OS X 10.12.6','::1',1499348799),
	(1489,5,'enter','chat',NULL,'default',NULL,NULL,1499348801),
	(1490,5,'enter','chat',NULL,'default',NULL,NULL,1499348843),
	(1491,5,'enter','chat',NULL,'default',NULL,NULL,1499348916),
	(1492,5,'enter','chat',NULL,'default',NULL,NULL,1499349019),
	(1493,5,'enter','chat',NULL,'default',NULL,NULL,1499349398),
	(1494,5,'enter','chat',NULL,'default',NULL,NULL,1499349436),
	(1495,5,'enter','chat',NULL,'default',NULL,NULL,1499349478),
	(1496,5,'enter','chat',NULL,'default',NULL,NULL,1499349521),
	(1497,5,'enter','chat',NULL,'default',NULL,NULL,1499349679),
	(1498,5,'enter','chat',NULL,'default',NULL,NULL,1499361663),
	(1499,5,'enter','chat',NULL,'default',NULL,NULL,1499361714),
	(1500,5,'enter','chat',NULL,'default',NULL,NULL,1499361912),
	(1501,5,'enter','website','/','default','Chrome 60.0.3112 / Mac OS X 10.12.6','::1',1499362479),
	(1502,5,'enter','website','/','default','Chrome 60.0.3112 / Mac OS X 10.12.6','::1',1499362520),
	(1503,5,'enter','chat',NULL,'default',NULL,NULL,1499362548),
	(1504,5,'enter','chat',NULL,'default',NULL,NULL,1499363036),
	(1505,5,'leave','website',NULL,NULL,NULL,NULL,1499365931),
	(1506,5,'enter','website','/','default','Chrome 60.0.3112 / Mac OS X 10.12.6','::1',1499395354),
	(1507,5,'enter','chat',NULL,'default',NULL,NULL,1499396028),
	(1508,5,'enter','chat',NULL,'default',NULL,NULL,1499396079),
	(1509,5,'enter','chat',NULL,'default',NULL,NULL,1499396179),
	(1510,5,'enter','chat',NULL,'default',NULL,NULL,1499396573),
	(1511,5,'enter','chat',NULL,'default',NULL,NULL,1499396578),
	(1512,5,'enter','chat',NULL,'default',NULL,NULL,1499396609),
	(1513,5,'enter','chat',NULL,'default',NULL,NULL,1499396836),
	(1514,5,'enter','chat',NULL,'default',NULL,NULL,1499396853),
	(1515,5,'enter','chat',NULL,'default',NULL,NULL,1499396990),
	(1516,5,'enter','chat',NULL,'default',NULL,NULL,1499397113),
	(1517,5,'enter','chat',NULL,'default',NULL,NULL,1499397124),
	(1518,5,'enter','chat',NULL,'default',NULL,NULL,1499397355),
	(1519,5,'enter','website','/','default','Chrome 60.0.3112 / Mac OS X 10.12.6','::1',1499397480),
	(1520,5,'enter','chat',NULL,'default',NULL,NULL,1499397526),
	(1521,5,'leave','website',NULL,NULL,NULL,NULL,1499397555),
	(1522,5,'enter','website','/','default','Chrome 60.0.3112 / Mac OS X 10.12.6','::1',1499397560),
	(1523,5,'enter','chat',NULL,'default',NULL,NULL,1499397563),
	(1524,5,'enter','chat',NULL,'default',NULL,NULL,1499397578),
	(1525,5,'enter','chat',NULL,'default',NULL,NULL,1499397870),
	(1526,5,'enter','chat',NULL,'default',NULL,NULL,1499397943),
	(1527,5,'leave','website',NULL,NULL,NULL,NULL,1499398123),
	(1528,5,'enter','website','/','default','Chrome 60.0.3112 / Mac OS X 10.12.6','::1',1499398129),
	(1529,5,'enter','chat',NULL,'default',NULL,NULL,1499398132),
	(1530,5,'leave','website',NULL,NULL,NULL,NULL,1499398180),
	(1531,5,'enter','website','/','default','Chrome 60.0.3112 / Mac OS X 10.12.6','::1',1499398185),
	(1532,5,'enter','chat',NULL,'default',NULL,NULL,1499398188),
	(1533,5,'enter','chat',NULL,'default',NULL,NULL,1499398303),
	(1534,5,'enter','chat',NULL,'default',NULL,NULL,1499398380),
	(1535,5,'enter','chat',NULL,'default',NULL,NULL,1499398415),
	(1536,5,'leave','website',NULL,NULL,NULL,NULL,1499398578),
	(1537,5,'enter','website','/','default','Chrome 60.0.3112 / Mac OS X 10.12.6','::1',1499398585),
	(1538,5,'enter','chat',NULL,'default',NULL,NULL,1499398590),
	(1539,5,'enter','website','/','default','Chrome 60.0.3112 / Mac OS X 10.12.6','::1',1499398703),
	(1540,5,'enter','website','/','default','Chrome 60.0.3112 / Mac OS X 10.12.6','::1',1499398703),
	(1541,5,'leave','website',NULL,NULL,NULL,NULL,1499398704),
	(1542,5,'enter','website','/','default','Chrome 60.0.3112 / Mac OS X 10.12.6','::1',1499398710),
	(1543,5,'enter','chat',NULL,'default',NULL,NULL,1499398713),
	(1544,5,'enter','chat',NULL,'default',NULL,NULL,1499398782),
	(1545,5,'leave','website',NULL,NULL,NULL,NULL,1499398784),
	(1546,5,'enter','website','/','default','Chrome 60.0.3112 / Mac OS X 10.12.6','::1',1499398790),
	(1547,5,'enter','chat',NULL,'default',NULL,NULL,1499398793),
	(1548,5,'enter','website','/','default','Chrome 60.0.3112 / Mac OS X 10.12.6','::1',1499398856),
	(1549,5,'leave','website',NULL,NULL,NULL,NULL,1499398857),
	(1550,5,'enter','website','/','default','Chrome 60.0.3112 / Mac OS X 10.12.6','::1',1499398862),
	(1551,5,'enter','chat',NULL,'default',NULL,NULL,1499398865),
	(1552,5,'leave','website',NULL,NULL,NULL,NULL,1499398963),
	(1553,5,'enter','website','/','default','Chrome 60.0.3112 / Mac OS X 10.12.6','::1',1499398970),
	(1554,5,'enter','chat',NULL,'default',NULL,NULL,1499398974),
	(1555,5,'enter','chat',NULL,'default',NULL,NULL,1499399085),
	(1556,5,'enter','chat',NULL,'default',NULL,NULL,1499399115),
	(1557,5,'enter','chat',NULL,'default',NULL,NULL,1499399186),
	(1558,5,'enter','chat',NULL,'default',NULL,NULL,1499399260),
	(1559,5,'enter','chat',NULL,'default',NULL,NULL,1499399276),
	(1560,5,'enter','website','/','default','Chrome 60.0.3112 / Mac OS X 10.12.6','::1',1499399568),
	(1561,5,'enter','chat',NULL,'default',NULL,NULL,1499399576),
	(1562,5,'leave','website',NULL,NULL,NULL,NULL,1499399590),
	(1563,5,'enter','website','/','default','Chrome 60.0.3112 / Mac OS X 10.12.6','::1',1499399594),
	(1564,5,'enter','website','/','default','Chrome 60.0.3112 / Mac OS X 10.12.6','::1',1499399673),
	(1565,5,'leave','website',NULL,NULL,NULL,NULL,1499399677),
	(1566,5,'logout',NULL,NULL,NULL,'Chrome 60.0.3112 / Mac OS X 10.12.6','::1',1499399677),
	(1567,NULL,'enter','website','/','default','Chrome 60.0.3112 / Mac OS X 10.12.6','::1',1499399683),
	(1568,5,'login',NULL,NULL,NULL,'Chrome 60.0.3112 / Mac OS X 10.12.6','::1',1499399689),
	(1569,5,'navigate','/videos',NULL,NULL,'Chrome 60.0.3112 / Mac OS X 10.12.6','::1',1499399695),
	(1570,5,'navigate','/',NULL,NULL,'Chrome 60.0.3112 / Mac OS X 10.12.6','::1',1499399698),
	(1571,5,'enter','chat',NULL,'default',NULL,NULL,1499399700),
	(1572,5,'enter','chat',NULL,'default',NULL,NULL,1499400296),
	(1573,5,'enter','chat',NULL,'default',NULL,NULL,1499400310),
	(1574,5,'enter','chat',NULL,'default',NULL,NULL,1499400319),
	(1575,NULL,'leave','website',NULL,NULL,NULL,NULL,1499400850),
	(1576,5,'enter','chat',NULL,'default',NULL,NULL,1499401159),
	(1577,5,'enter','chat',NULL,'default',NULL,NULL,1499401163),
	(1578,5,'leave','website',NULL,NULL,NULL,NULL,1499401516),
	(1579,5,'enter','website','/','default','Chrome 60.0.3112 / Mac OS X 10.12.6','::1',1499401519),
	(1580,5,'enter','chat',NULL,'default',NULL,NULL,1499401522),
	(1581,5,'enter','chat',NULL,'default',NULL,NULL,1499401583),
	(1582,5,'enter','chat',NULL,'default',NULL,NULL,1499401686),
	(1583,5,'search','link','45',NULL,'Chrome 60.0.3112 / Mac OS X 10.12.6','::1',1499403024),
	(1584,5,'navigate','/links/45',NULL,NULL,'Chrome 60.0.3112 / Mac OS X 10.12.6','::1',1499403024),
	(1585,5,'search','video','20',NULL,'Chrome 60.0.3112 / Mac OS X 10.12.6','::1',1499403033),
	(1586,5,'navigate','/videos/20',NULL,NULL,'Chrome 60.0.3112 / Mac OS X 10.12.6','::1',1499403033),
	(1587,5,'navigate','/',NULL,NULL,'Chrome 60.0.3112 / Mac OS X 10.12.6','::1',1499403039),
	(1588,5,'enter','chat',NULL,'default',NULL,NULL,1499403041),
	(1589,5,'enter','chat',NULL,'default',NULL,NULL,1499403172),
	(1590,5,'enter','chat',NULL,'default',NULL,NULL,1499403278),
	(1591,5,'leave','website',NULL,NULL,NULL,NULL,1499403295),
	(1592,5,'enter','website','/','default','Chrome 60.0.3112 / Mac OS X 10.12.6','::1',1499403299),
	(1593,5,'enter','chat',NULL,'default',NULL,NULL,1499405501),
	(1594,5,'enter','chat',NULL,'default',NULL,NULL,1499405506),
	(1595,5,'leave','website',NULL,NULL,NULL,NULL,1499405871),
	(1596,5,'enter','website','/','default','Chrome 60.0.3112 / Mac OS X 10.12.6','::1',1499405875),
	(1597,5,'enter','chat',NULL,'default',NULL,NULL,1499405878),
	(1598,5,'enter','chat',NULL,'default',NULL,NULL,1499417433),
	(1599,5,'enter','chat',NULL,'default',NULL,NULL,1499417489),
	(1600,5,'enter','chat',NULL,'default',NULL,NULL,1499417876),
	(1601,5,'enter','chat',NULL,'default',NULL,NULL,1499418318),
	(1602,5,'enter','chat',NULL,'default',NULL,NULL,1499418373),
	(1603,5,'enter','chat',NULL,'default',NULL,NULL,1499418580),
	(1604,5,'enter','chat',NULL,'default',NULL,NULL,1499418858),
	(1605,5,'enter','chat',NULL,'default',NULL,NULL,1499418875),
	(1606,5,'enter','chat',NULL,'default',NULL,NULL,1499419001),
	(1607,5,'enter','chat',NULL,'default',NULL,NULL,1499419006),
	(1608,5,'leave','website',NULL,NULL,NULL,NULL,1499419009),
	(1609,5,'enter','website','/','default','Chrome 60.0.3112 / Mac OS X 10.12.6','::1',1499419014),
	(1610,5,'enter','chat',NULL,'default',NULL,NULL,1499419017),
	(1611,5,'enter','chat',NULL,'default',NULL,NULL,1499419112),
	(1612,5,'enter','chat',NULL,'default',NULL,NULL,1499419574),
	(1613,5,'enter','chat',NULL,'default',NULL,NULL,1499419579),
	(1614,5,'enter','chat',NULL,'default',NULL,NULL,1499419581),
	(1615,5,'enter','chat',NULL,'default',NULL,NULL,1499419955),
	(1616,5,'enter','chat',NULL,'default',NULL,NULL,1499420001),
	(1617,5,'enter','chat',NULL,'default',NULL,NULL,1499420310),
	(1618,5,'enter','chat',NULL,'default',NULL,NULL,1499420314),
	(1619,5,'enter','chat',NULL,'default',NULL,NULL,1499420363),
	(1620,5,'leave','website',NULL,NULL,NULL,NULL,1499420403),
	(1621,5,'enter','website','/','default','Chrome 60.0.3112 / Mac OS X 10.12.6','::1',1499420408),
	(1622,5,'leave','website',NULL,NULL,NULL,NULL,1499421058),
	(1623,5,'enter','website','/','default','Chrome 60.0.3112 / Mac OS X 10.12.6','::1',1499421061),
	(1624,5,'enter','chat',NULL,'default',NULL,NULL,1499421987),
	(1625,5,'enter','chat',NULL,'default',NULL,NULL,1499422106),
	(1626,5,'leave','website',NULL,NULL,NULL,NULL,1499423359),
	(1627,5,'enter','website','/','default','Chrome 60.0.3112 / Mac OS X 10.12.6','::1',1499423364),
	(1628,5,'leave','website',NULL,NULL,NULL,NULL,1499423422),
	(1629,5,'enter','website','/','default','Chrome 60.0.3112 / Mac OS X 10.12.6','::1',1499423425),
	(1630,5,'enter','chat',NULL,'default',NULL,NULL,1499423429),
	(1631,5,'leave','website',NULL,NULL,NULL,NULL,1499423490),
	(1632,5,'enter','website','/','default','Chrome 60.0.3112 / Mac OS X 10.12.6','::1',1499423493),
	(1633,5,'leave','website',NULL,NULL,NULL,NULL,1499423503),
	(1634,5,'logout',NULL,NULL,NULL,'Chrome 60.0.3112 / Mac OS X 10.12.6','::1',1499423504),
	(1635,5,'login',NULL,NULL,NULL,'Chrome 60.0.3112 / Mac OS X 10.12.6','::1',1499423506),
	(1636,5,'leave','website',NULL,NULL,NULL,NULL,1499423565),
	(1637,5,'enter','website','/','default','Chrome 60.0.3112 / Mac OS X 10.12.6','::1',1499423568),
	(1638,5,'enter','chat',NULL,'default',NULL,NULL,1499424729),
	(1639,NULL,'leave','website',NULL,NULL,NULL,NULL,1499424754),
	(1640,5,'leave','website',NULL,NULL,NULL,NULL,1499424756),
	(1641,5,'enter','website','/','default','Chrome 60.0.3112 / Mac OS X 10.12.6','::1',1499424854),
	(1642,5,'enter','chat',NULL,'default',NULL,NULL,1499424860),
	(1643,5,'leave','website',NULL,NULL,NULL,NULL,1499424959),
	(1644,5,'enter','website','/','default','Chrome 60.0.3112 / Mac OS X 10.12.6','::1',1499424962),
	(1645,5,'enter','chat',NULL,'default',NULL,NULL,1499424971),
	(1646,5,'enter','website','/','default','Chrome 60.0.3112 / Mac OS X 10.12.6','::1',1499425024),
	(1647,5,'enter','chat',NULL,'default',NULL,NULL,1499425026),
	(1648,5,'enter','chat',NULL,'default',NULL,NULL,1499425043),
	(1649,5,'leave','website',NULL,NULL,NULL,NULL,1499425060),
	(1650,5,'enter','website','/','default','Chrome 60.0.3112 / Mac OS X 10.12.6','::1',1499425062),
	(1651,5,'enter','chat',NULL,'default',NULL,NULL,1499426568),
	(1652,5,'enter','chat',NULL,'default',NULL,NULL,1499427049),
	(1653,5,'enter','chat',NULL,'default',NULL,NULL,1499427126),
	(1654,5,'leave','website',NULL,NULL,NULL,NULL,1499427174),
	(1655,5,'enter','website','/','default','Chrome 60.0.3112 / Mac OS X 10.12.6','::1',1499427176),
	(1656,5,'enter','chat',NULL,'default',NULL,NULL,1499427301),
	(1657,5,'enter','chat',NULL,'default',NULL,NULL,1499427315),
	(1658,5,'leave','website',NULL,NULL,NULL,NULL,1499427324),
	(1659,5,'enter','website','/','default','Chrome 60.0.3112 / Mac OS X 10.12.6','::1',1499427326),
	(1660,5,'enter','chat',NULL,'default',NULL,NULL,1499427331),
	(1661,5,'leave','website',NULL,NULL,NULL,NULL,1499427408),
	(1662,5,'enter','website','/','default','Chrome 60.0.3112 / Mac OS X 10.12.6','::1',1499427411),
	(1663,5,'enter','chat',NULL,'default',NULL,NULL,1499427416),
	(1664,5,'leave','website',NULL,NULL,NULL,NULL,1499427430),
	(1665,5,'enter','website','/','default','Chrome 60.0.3112 / Mac OS X 10.12.6','::1',1499427432),
	(1666,5,'enter','chat',NULL,'default',NULL,NULL,1499427435),
	(1667,5,'leave','website',NULL,NULL,NULL,NULL,1499428319),
	(1668,5,'enter','website','/','default','Chrome 60.0.3112 / Mac OS X 10.12.6','::1',1499428322),
	(1669,5,'enter','chat',NULL,'default',NULL,NULL,1499428325),
	(1670,5,'leave','website',NULL,NULL,NULL,NULL,1499428334),
	(1671,5,'enter','website','/','default','Chrome 60.0.3112 / Mac OS X 10.12.6','::1',1499428336),
	(1672,5,'enter','chat',NULL,'default',NULL,NULL,1499428341),
	(1673,5,'enter','chat',NULL,'default',NULL,NULL,1499428377),
	(1674,5,'enter','chat',NULL,'default',NULL,NULL,1499429281),
	(1675,5,'leave','website',NULL,NULL,NULL,NULL,1499429284),
	(1676,5,'enter','website','/','default','Chrome 60.0.3112 / Mac OS X 10.12.6','::1',1499429287),
	(1677,5,'enter','chat',NULL,'default',NULL,NULL,1499429289),
	(1678,5,'enter','website','/','default','Chrome 60.0.3112 / Mac OS X 10.12.6','::1',1499429336),
	(1679,5,'enter','chat',NULL,'default',NULL,NULL,1499429337),
	(1680,5,'enter','chat',NULL,'default',NULL,NULL,1499431282),
	(1681,5,'enter','chat',NULL,'default',NULL,NULL,1499431351),
	(1682,5,'leave','website',NULL,NULL,NULL,NULL,1499431365),
	(1683,5,'enter','website','/','default','Chrome 60.0.3112 / Mac OS X 10.12.6','::1',1499431368),
	(1684,5,'enter','chat',NULL,'default',NULL,NULL,1499431370),
	(1685,5,'enter','chat',NULL,'default',NULL,NULL,1499431478),
	(1686,5,'enter','chat',NULL,'default',NULL,NULL,1499431912),
	(1687,5,'leave','website',NULL,NULL,NULL,NULL,1499432398),
	(1688,5,'enter','website','/','default','Chrome 60.0.3112 / Mac OS X 10.12.6','::1',1499432401),
	(1689,5,'enter','chat',NULL,'default',NULL,NULL,1499432403),
	(1690,NULL,'leave','website',NULL,NULL,NULL,NULL,1499432452),
	(1691,5,'enter','website','/','default','Chrome 60.0.3112 / Mac OS X 10.12.6','::1',1499432454),
	(1692,5,'enter','chat',NULL,'default',NULL,NULL,1499432455),
	(1693,5,'enter','chat',NULL,'default',NULL,NULL,1499432465),
	(1694,5,'enter','chat',NULL,'default',NULL,NULL,1499432480),
	(1695,5,'leave','website',NULL,NULL,NULL,NULL,1499432497),
	(1696,5,'enter','website','/','default','Chrome 60.0.3112 / Mac OS X 10.12.6','::1',1499432500),
	(1697,5,'enter','chat',NULL,'default',NULL,NULL,1499432502),
	(1698,5,'enter','website','/','default','Chrome 60.0.3112 / Mac OS X 10.12.6','::1',1499432703),
	(1699,5,'enter','chat',NULL,'default',NULL,NULL,1499432705),
	(1700,5,'enter','chat',NULL,'default',NULL,NULL,1499433065),
	(1701,5,'enter','chat',NULL,'default',NULL,NULL,1499433093),
	(1702,5,'enter','chat',NULL,'default',NULL,NULL,1499433112),
	(1703,5,'enter','chat',NULL,'default',NULL,NULL,1499433345),
	(1704,5,'enter','chat',NULL,'default',NULL,NULL,1499433370),
	(1705,5,'enter','chat',NULL,'default',NULL,NULL,1499433430),
	(1706,5,'enter','chat',NULL,'default',NULL,NULL,1499433476),
	(1707,5,'enter','chat',NULL,'default',NULL,NULL,1499433570),
	(1708,5,'enter','chat',NULL,'default',NULL,NULL,1499433632),
	(1709,5,'enter','chat',NULL,'default',NULL,NULL,1499433675),
	(1710,5,'enter','chat',NULL,'default',NULL,NULL,1499433697),
	(1711,5,'enter','chat',NULL,'default',NULL,NULL,1499433776),
	(1712,5,'enter','chat',NULL,'default',NULL,NULL,1499434360),
	(1713,5,'enter','chat',NULL,'default',NULL,NULL,1499437518),
	(1714,5,'enter','website','/','default','Chrome 60.0.3112 / Mac OS X 10.12.6','::1',1499437701),
	(1715,5,'enter','website','/','default','Chrome 60.0.3112 / Mac OS X 10.12.6','::1',1499437761),
	(1716,5,'leave','website',NULL,NULL,NULL,NULL,1499437904),
	(1717,5,'enter','website','/','default','Chrome 60.0.3112 / Mac OS X 10.12.6','::1',1499437908),
	(1718,5,'enter','chat',NULL,'default',NULL,NULL,1499437910),
	(1719,5,'enter','chat',NULL,'default',NULL,NULL,1499438049),
	(1720,5,'leave','website',NULL,NULL,NULL,NULL,1499438051),
	(1721,5,'enter','website','/','default','Chrome 60.0.3112 / Mac OS X 10.12.6','::1',1499438053),
	(1722,5,'enter','chat',NULL,'default',NULL,NULL,1499438056),
	(1723,5,'enter','chat',NULL,'default',NULL,NULL,1499438143),
	(1724,5,'leave','website',NULL,NULL,NULL,NULL,1499438236),
	(1725,5,'enter','website','/','default','Chrome 60.0.3112 / Mac OS X 10.12.6','::1',1499438239),
	(1726,5,'enter','chat',NULL,'default',NULL,NULL,1499438241),
	(1727,5,'enter','chat',NULL,'default',NULL,NULL,1499438258),
	(1728,5,'enter','chat',NULL,'default',NULL,NULL,1499441029),
	(1729,5,'enter','chat',NULL,'default',NULL,NULL,1499441099),
	(1730,5,'leave','website',NULL,NULL,NULL,NULL,1499471688),
	(1731,5,'enter','website','/','default','Chrome 60.0.3112 / Mac OS X 10.12.6','::1',1499471692),
	(1732,NULL,'enter','website','/','default','Chrome 60.0.3112 / Mac OS X 10.12.6','::1',1499471700),
	(1733,218,'login',NULL,NULL,NULL,'Chrome 60.0.3112 / Mac OS X 10.12.6','::1',1499471715),
	(1734,218,'enter','chat',NULL,'default',NULL,NULL,1499471717),
	(1735,5,'enter','chat',NULL,'default',NULL,NULL,1499471731),
	(1736,218,'leave','website',NULL,NULL,NULL,NULL,1499471747),
	(1737,5,'leave','website',NULL,NULL,NULL,NULL,1499472669),
	(1738,5,'enter','website','/','default','Chrome 60.0.3112 / Mac OS X 10.12.6','::1',1499472673),
	(1739,NULL,'enter','website','/','default','Chrome 60.0.3112 / Mac OS X 10.12.6','::1',1499472688),
	(1740,218,'login',NULL,NULL,NULL,'Chrome 60.0.3112 / Mac OS X 10.12.6','::1',1499472696),
	(1741,218,'enter','chat',NULL,'default',NULL,NULL,1499472697),
	(1742,5,'enter','chat',NULL,'default',NULL,NULL,1499472727),
	(1743,5,'leave','website',NULL,NULL,NULL,NULL,1499472747),
	(1744,5,'enter','website','/','default','Chrome 60.0.3112 / Mac OS X 10.12.6','::1',1499472750),
	(1745,5,'leave','website',NULL,NULL,NULL,NULL,1499473042),
	(1746,5,'enter','website','/','default','Chrome 60.0.3112 / Mac OS X 10.12.6','::1',1499473045),
	(1747,5,'enter','chat',NULL,'default',NULL,NULL,1499473164),
	(1748,218,'leave','website',NULL,NULL,NULL,NULL,1499473238),
	(1749,5,'leave','website',NULL,NULL,NULL,NULL,1499473240),
	(1750,218,'enter','website','/','default','Chrome 60.0.3112 / Mac OS X 10.12.6','::1',1499473241),
	(1751,5,'enter','website','/','default','Chrome 60.0.3112 / Mac OS X 10.12.6','::1',1499473246),
	(1752,218,'enter','chat',NULL,'default',NULL,NULL,1499473251),
	(1753,5,'enter','chat',NULL,'default',NULL,NULL,1499473258),
	(1754,218,'enter','chat',NULL,'default',NULL,NULL,1499473278),
	(1755,5,'leave','website',NULL,NULL,NULL,NULL,1499474056),
	(1756,218,'leave','website',NULL,NULL,NULL,NULL,1499474056),
	(1757,218,'enter','website','/','default','Chrome 60.0.3112 / Mac OS X 10.12.6','::1',1499474063),
	(1758,5,'enter','website','/','default','Chrome 60.0.3112 / Mac OS X 10.12.6','::1',1499474066),
	(1759,5,'enter','chat',NULL,'default',NULL,NULL,1499474072),
	(1760,218,'enter','chat',NULL,'default',NULL,NULL,1499474092),
	(1761,5,'enter','chat',NULL,'default',NULL,NULL,1499474275),
	(1762,5,'leave','website',NULL,NULL,NULL,NULL,1499474408),
	(1763,5,'enter','website','/','default','Chrome 60.0.3112 / Mac OS X 10.12.6','::1',1499474411),
	(1764,218,'leave','website',NULL,NULL,NULL,NULL,1499474534),
	(1765,218,'enter','website','/','default','Chrome 60.0.3112 / Mac OS X 10.12.6','::1',1499474536),
	(1766,5,'leave','website',NULL,NULL,NULL,NULL,1499474537),
	(1767,5,'enter','website','/','default','Chrome 60.0.3112 / Mac OS X 10.12.6','::1',1499474542),
	(1768,218,'enter','chat',NULL,'default',NULL,NULL,1499474542),
	(1769,5,'enter','chat',NULL,'default',NULL,NULL,1499474556),
	(1770,5,'leave','website',NULL,NULL,NULL,NULL,1499478065),
	(1771,NULL,'leave','website',NULL,NULL,NULL,NULL,1499488895),
	(1772,5,'enter','website','/','default','Chrome 60.0.3112 / Mac OS X 10.12.6','::1',1499532534),
	(1773,5,'navigate','/videos',NULL,NULL,'Chrome 60.0.3112 / Mac OS X 10.12.6','::1',1499532538),
	(1774,5,'leave','website',NULL,NULL,NULL,NULL,1499532588),
	(1775,5,'enter','website','/videos','default','Chrome 60.0.3112 / Mac OS X 10.12.6','::1',1499532592),
	(1776,5,'navigate','/',NULL,NULL,'Chrome 60.0.3112 / Mac OS X 10.12.6','::1',1499533087),
	(1777,5,'leave','website',NULL,NULL,NULL,NULL,1499533089),
	(1778,5,'enter','website','/','default','Chrome 60.0.3112 / Mac OS X 10.12.6','::1',1499533093),
	(1779,5,'navigate','/videos',NULL,NULL,'Chrome 60.0.3112 / Mac OS X 10.12.6','::1',1499533097),
	(1780,5,'leave','website',NULL,NULL,NULL,NULL,1499533366),
	(1781,5,'enter','website','/videos','default','Chrome 60.0.3112 / Mac OS X 10.12.6','::1',1499533371),
	(1782,5,'leave','website',NULL,NULL,NULL,NULL,1499533424),
	(1783,5,'enter','website','/videos','default','Chrome 60.0.3112 / Mac OS X 10.12.6','::1',1499533430),
	(1784,5,'leave','website',NULL,NULL,NULL,NULL,1499533568),
	(1785,5,'enter','website','/videos','default','Chrome 60.0.3112 / Mac OS X 10.12.6','::1',1499533574),
	(1786,5,'leave','website',NULL,NULL,NULL,NULL,1499533646),
	(1787,5,'enter','website','/videos','default','Chrome 60.0.3112 / Mac OS X 10.12.6','::1',1499533653),
	(1788,5,'leave','website',NULL,NULL,NULL,NULL,1499533673),
	(1789,5,'enter','website','/videos','default','Chrome 60.0.3112 / Mac OS X 10.12.6','::1',1499533677),
	(1790,5,'leave','website',NULL,NULL,NULL,NULL,1499533962),
	(1791,5,'enter','website','/videos','default','Chrome 60.0.3112 / Mac OS X 10.12.6','::1',1499533966),
	(1792,5,'enter','website','/videos','default','Chrome 60.0.3112 / Mac OS X 10.12.6','::1',1499534078),
	(1793,5,'leave','website',NULL,NULL,NULL,NULL,1499534246),
	(1794,5,'enter','website','/videos','default','Chrome 60.0.3112 / Mac OS X 10.12.6','::1',1499534250),
	(1795,5,'leave','website',NULL,NULL,NULL,NULL,1499534322),
	(1796,5,'enter','website','/videos','default','Chrome 60.0.3112 / Mac OS X 10.12.6','::1',1499534326),
	(1797,5,'enter','chat',NULL,'default',NULL,NULL,1499534349),
	(1798,5,'enter','chat',NULL,'default',NULL,NULL,1499534644),
	(1799,5,'enter','website','/','default','Chrome 60.0.3112 / Mac OS X 10.12.6','::1',1499555034),
	(1800,5,'enter','chat',NULL,'default',NULL,NULL,1499555070),
	(1801,5,'enter','website','/','default','Chrome 60.0.3112 / Mac OS X 10.12.6','::1',1499555773),
	(1802,5,'enter','chat',NULL,'default',NULL,NULL,1499555776),
	(1803,5,'enter','chat',NULL,'default',NULL,NULL,1499558218),
	(1804,5,'enter','chat',NULL,'default',NULL,NULL,1499558749),
	(1805,NULL,'leave','website',NULL,NULL,NULL,NULL,1499559305),
	(1806,5,'enter','website','/','default','Chrome 60.0.3112 / Mac OS X 10.12.6','::1',1499559866),
	(1807,5,'enter','chat',NULL,'default',NULL,NULL,1499559869),
	(1808,5,'enter','chat',NULL,'default',NULL,NULL,1499560009),
	(1809,5,'enter','chat',NULL,'default',NULL,NULL,1499565159),
	(1810,5,'enter','chat',NULL,'default',NULL,NULL,1499565194),
	(1811,5,'enter','chat',NULL,'default',NULL,NULL,1499565237),
	(1812,5,'leave','website',NULL,NULL,NULL,NULL,1499565244),
	(1813,5,'enter','website','/','default','Chrome 60.0.3112 / Mac OS X 10.12.6','::1',1499565251),
	(1814,5,'enter','chat',NULL,'default',NULL,NULL,1499565255),
	(1815,5,'enter','chat',NULL,'default',NULL,NULL,1499565404),
	(1816,5,'enter','chat',NULL,'default',NULL,NULL,1499565430),
	(1817,5,'enter','chat',NULL,'default',NULL,NULL,1499565584),
	(1818,5,'enter','chat',NULL,'default',NULL,NULL,1499566508),
	(1819,5,'enter','chat',NULL,'default',NULL,NULL,1499566554),
	(1820,5,'enter','chat',NULL,'default',NULL,NULL,1499566647),
	(1821,5,'enter','chat',NULL,'default',NULL,NULL,1499566919),
	(1822,5,'leave','website',NULL,NULL,NULL,NULL,1499566998),
	(1823,5,'enter','website','/','default','Chrome 60.0.3112 / Mac OS X 10.12.6','::1',1499567003),
	(1824,5,'enter','chat',NULL,'default',NULL,NULL,1499567036),
	(1825,5,'enter','chat',NULL,'default',NULL,NULL,1499567042),
	(1826,5,'enter','chat',NULL,'default',NULL,NULL,1499567097),
	(1827,5,'enter','chat',NULL,'default',NULL,NULL,1499567189),
	(1828,5,'enter','chat',NULL,'default',NULL,NULL,1499567199),
	(1829,5,'enter','chat',NULL,'default',NULL,NULL,1499567231),
	(1830,5,'enter','chat',NULL,'default',NULL,NULL,1499567409),
	(1831,5,'enter','chat',NULL,'default',NULL,NULL,1499567412),
	(1832,5,'enter','chat',NULL,'default',NULL,NULL,1499567551),
	(1833,5,'enter','chat',NULL,'default',NULL,NULL,1499567642),
	(1834,5,'enter','chat',NULL,'default',NULL,NULL,1499567659),
	(1835,5,'leave','website',NULL,NULL,NULL,NULL,1499567670),
	(1836,5,'enter','website','/','default','Chrome 60.0.3112 / Mac OS X 10.12.6','::1',1499567676),
	(1837,5,'enter','chat',NULL,'default',NULL,NULL,1499567679),
	(1838,5,'enter','chat',NULL,'default',NULL,NULL,1499567682),
	(1839,5,'enter','chat',NULL,'default',NULL,NULL,1499567776),
	(1840,5,'enter','chat',NULL,'default',NULL,NULL,1499567781),
	(1841,5,'enter','chat',NULL,'default',NULL,NULL,1499567783),
	(1842,5,'enter','chat',NULL,'default',NULL,NULL,1499567788),
	(1843,5,'enter','chat',NULL,'default',NULL,NULL,1499567796),
	(1844,5,'leave','website',NULL,NULL,NULL,NULL,1499567834),
	(1845,5,'enter','website','/','default','Chrome 60.0.3112 / Mac OS X 10.12.6','::1',1499567838),
	(1846,5,'enter','chat',NULL,'default',NULL,NULL,1499567856),
	(1847,5,'leave','website',NULL,NULL,NULL,NULL,1499567904),
	(1848,5,'enter','website','/','default','Chrome 60.0.3112 / Mac OS X 10.12.6','::1',1499567909),
	(1849,5,'enter','chat',NULL,'default',NULL,NULL,1499567915),
	(1850,5,'leave','website',NULL,NULL,NULL,NULL,1499567995),
	(1851,5,'enter','website','/','default','Chrome 60.0.3112 / Mac OS X 10.12.6','::1',1499568000),
	(1852,5,'enter','chat',NULL,'default',NULL,NULL,1499568002),
	(1853,5,'enter','chat',NULL,'default',NULL,NULL,1499568030),
	(1854,5,'enter','chat',NULL,'default',NULL,NULL,1499568046),
	(1855,5,'enter','chat',NULL,'default',NULL,NULL,1499568131),
	(1856,5,'enter','chat',NULL,'default',NULL,NULL,1499570199),
	(1857,5,'enter','chat',NULL,'default',NULL,NULL,1499570199),
	(1858,5,'enter','chat',NULL,'default',NULL,NULL,1499570290),
	(1859,5,'enter','chat',NULL,'default',NULL,NULL,1499570625),
	(1860,5,'enter','chat',NULL,'default',NULL,NULL,1499571851),
	(1861,5,'enter','chat',NULL,'default',NULL,NULL,1499571889),
	(1862,5,'enter','chat',NULL,'default',NULL,NULL,1499571992),
	(1863,5,'enter','chat',NULL,'default',NULL,NULL,1499572043),
	(1864,5,'enter','chat',NULL,'default',NULL,NULL,1499572090),
	(1865,5,'leave','website',NULL,NULL,NULL,NULL,1499572101),
	(1866,5,'enter','website','/','default','Chrome 60.0.3112 / Mac OS X 10.12.6','::1',1499572108),
	(1867,5,'enter','chat',NULL,'default',NULL,NULL,1499572112),
	(1868,5,'enter','chat',NULL,'default',NULL,NULL,1499572143),
	(1869,5,'enter','chat',NULL,'default',NULL,NULL,1499572220),
	(1870,NULL,'leave','website',NULL,NULL,NULL,NULL,1499578114),
	(1871,NULL,'leave','website',NULL,NULL,NULL,NULL,1499578194),
	(1872,5,'enter','chat',NULL,'default',NULL,NULL,1499578198),
	(1873,5,'enter','chat',NULL,'default',NULL,NULL,1499578364),
	(1874,5,'enter','chat',NULL,'default',NULL,NULL,1499578468),
	(1875,5,'leave','website',NULL,NULL,NULL,NULL,1499578478),
	(1876,5,'enter','website','/','default','Chrome 60.0.3112 / Mac OS X 10.12.6','::1',1499578484),
	(1877,5,'enter','chat',NULL,'default',NULL,NULL,1499578490),
	(1878,5,'enter','chat',NULL,'default',NULL,NULL,1499579110),
	(1879,5,'enter','chat',NULL,'default',NULL,NULL,1499579271),
	(1880,5,'enter','chat',NULL,'default',NULL,NULL,1499579322),
	(1881,5,'enter','chat',NULL,'default',NULL,NULL,1499579650),
	(1882,5,'enter','chat',NULL,'default',NULL,NULL,1499579694),
	(1883,5,'enter','chat',NULL,'default',NULL,NULL,1499579826),
	(1884,5,'enter','chat',NULL,'default',NULL,NULL,1499579873),
	(1885,5,'enter','chat',NULL,'default',NULL,NULL,1499579968),
	(1886,5,'enter','chat',NULL,'default',NULL,NULL,1499580069),
	(1887,5,'enter','chat',NULL,'default',NULL,NULL,1499580291),
	(1888,5,'enter','chat',NULL,'default',NULL,NULL,1499580337),
	(1889,5,'enter','chat',NULL,'default',NULL,NULL,1499580510),
	(1890,5,'enter','chat',NULL,'default',NULL,NULL,1499580858),
	(1891,5,'enter','chat',NULL,'default',NULL,NULL,1499581049),
	(1892,5,'enter','chat',NULL,'default',NULL,NULL,1499581125),
	(1893,5,'enter','chat',NULL,'default',NULL,NULL,1499581161),
	(1894,5,'enter','website','/','default','Chrome 60.0.3112 / Mac OS X 10.12.6','::1',1499581304),
	(1895,NULL,'enter','website','/','default','Chrome 60.0.3112 / Mac OS X 10.12.6','::1',1499582329),
	(1896,218,'login',NULL,NULL,NULL,'Chrome 60.0.3112 / Mac OS X 10.12.6','::1',1499582338),
	(1897,218,'enter','chat',NULL,'default',NULL,NULL,1499582340),
	(1898,5,'enter','chat',NULL,'default',NULL,NULL,1499582344),
	(1899,5,'leave','website',NULL,NULL,NULL,NULL,1499584324),
	(1900,5,'enter','website','/','default','Chrome 60.0.3112 / Mac OS X 10.12.6','::1',1499584333),
	(1901,5,'enter','chat',NULL,'default',NULL,NULL,1499584337),
	(1902,5,'leave','website',NULL,NULL,NULL,NULL,1499584383),
	(1903,5,'enter','website','/','default','Chrome 60.0.3112 / Mac OS X 10.12.6','::1',1499584389),
	(1904,5,'enter','chat',NULL,'default',NULL,NULL,1499584394),
	(1905,5,'enter','chat',NULL,'default',NULL,NULL,1499584458),
	(1906,5,'enter','chat',NULL,'default',NULL,NULL,1499584556),
	(1907,218,'leave','website',NULL,NULL,NULL,NULL,1499584569),
	(1908,218,'logout',NULL,NULL,NULL,'Chrome 60.0.3112 / Mac OS X 10.12.6','::1',1499584569),
	(1909,NULL,'enter','website','/','default','Chrome 60.0.3112 / Mac OS X 10.12.6','::1',1499584572),
	(1910,235,'navigate','/users/nice',NULL,NULL,'Chrome 60.0.3112 / Mac OS X 10.12.6','::1',1499584624),
	(1911,235,'enter','chat',NULL,'default',NULL,NULL,1499584643),
	(1912,235,'leave','website',NULL,NULL,NULL,NULL,1499584811),
	(1913,235,'enter','website','/users/nice','default','Chrome 60.0.3112 / Mac OS X 10.12.6','::1',1499584814),
	(1914,5,'leave','website',NULL,NULL,NULL,NULL,1499584936),
	(1915,5,'enter','website','/','default','Chrome 60.0.3112 / Mac OS X 10.12.6','::1',1499584943),
	(1916,235,'leave','website',NULL,NULL,NULL,NULL,1499584945),
	(1917,235,'enter','website','/users/nice','default','Chrome 60.0.3112 / Mac OS X 10.12.6','::1',1499584952),
	(1918,235,'enter','chat',NULL,'default',NULL,NULL,1499584964),
	(1919,5,'enter','chat',NULL,'default',NULL,NULL,1499584967),
	(1920,5,'enter','website','/','default','Chrome 60.0.3112 / Mac OS X 10.12.6','::1',1499585064),
	(1921,235,'enter','website','/users/nice','default','Chrome 60.0.3112 / Mac OS X 10.12.6','::1',1499585089),
	(1922,NULL,'leave','website',NULL,NULL,NULL,NULL,1499585135),
	(1923,5,'leave','website',NULL,NULL,NULL,NULL,1499585191),
	(1924,235,'leave','website',NULL,NULL,NULL,NULL,1499588783),
	(1925,5,'enter','website','/','default','Chrome 60.0.3112 / Mac OS X 10.12.6','::1',1499644948),
	(1926,5,'enter','chat',NULL,'default',NULL,NULL,1499644951),
	(1927,5,'enter','chat',NULL,'default',NULL,NULL,1499645672),
	(1928,5,'enter','chat',NULL,'default',NULL,NULL,1499645718),
	(1929,5,'enter','chat',NULL,'default',NULL,NULL,1499645827),
	(1930,NULL,'leave','website',NULL,NULL,NULL,NULL,1499647081),
	(1931,5,'enter','website','/','default','Chrome 60.0.3112 / Mac OS X 10.12.6','::1',1499669381),
	(1932,5,'enter','chat',NULL,'default',NULL,NULL,1499669385),
	(1933,NULL,'leave','website',NULL,NULL,NULL,NULL,1499669400),
	(1934,5,'navigate','/videos',NULL,NULL,'Chrome 60.0.3112 / Mac OS X 10.12.6','::1',1499669406),
	(1935,NULL,'enter','website','/','default','Chrome 60.0.3112 / Mac OS X 10.12.6','::1',1499669440),
	(1936,218,'login',NULL,NULL,NULL,'Chrome 60.0.3112 / Mac OS X 10.12.6','::1',1499669448),
	(1937,218,'enter','chat',NULL,'default',NULL,NULL,1499669450),
	(1938,5,'enter','chat',NULL,'default',NULL,NULL,1499669461),
	(1939,5,'enter','chat',NULL,'default',NULL,NULL,1499669501),
	(1940,218,'enter','chat',NULL,'default',NULL,NULL,1499669507),
	(1941,218,'enter','chat',NULL,'default',NULL,NULL,1499669542),
	(1942,5,'leave','website',NULL,NULL,NULL,NULL,1499669606),
	(1943,218,'leave','website',NULL,NULL,NULL,NULL,1499672819),
	(1944,5,'enter','website','/','default','Chrome 60.0.3112 / Mac OS X 10.12.6','::1',1499682425),
	(1945,5,'enter','chat',NULL,'default',NULL,NULL,1499682453),
	(1946,5,'enter','chat',NULL,'default',NULL,NULL,1499682716),
	(1947,5,'leave','website',NULL,NULL,NULL,NULL,1499682721),
	(1948,5,'enter','website','/','default','Chrome 60.0.3112 / Mac OS X 10.12.6','::1',1499682726),
	(1949,5,'enter','chat',NULL,'default',NULL,NULL,1499682729),
	(1950,5,'enter','chat',NULL,'default',NULL,NULL,1499682895),
	(1951,5,'enter','chat',NULL,'default',NULL,NULL,1499682942),
	(1952,5,'enter','website','/','default','Chrome 60.0.3112 / Mac OS X 10.12.6','::1',1499683102),
	(1953,5,'leave','website',NULL,NULL,NULL,NULL,1499683576),
	(1954,5,'enter','website','/','default','Chrome 60.0.3112 / Mac OS X 10.12.6','::1',1499686208),
	(1955,5,'enter','chat',NULL,'default',NULL,NULL,1499690291),
	(1956,5,'navigate','/users',NULL,NULL,'Chrome 60.0.3112 / Mac OS X 10.12.6','::1',1499690725),
	(1957,5,'navigate','/users/mikey',NULL,NULL,'Chrome 60.0.3112 / Mac OS X 10.12.6','::1',1499690731),
	(1958,5,'navigate','/',NULL,NULL,'Chrome 60.0.3112 / Mac OS X 10.12.6','::1',1499690739),
	(1959,5,'navigate','/links',NULL,NULL,'Chrome 60.0.3112 / Mac OS X 10.12.6','::1',1499690745),
	(1960,5,'navigate','/videos',NULL,NULL,'Chrome 60.0.3112 / Mac OS X 10.12.6','::1',1499690749),
	(1961,5,'navigate','/',NULL,NULL,'Chrome 60.0.3112 / Mac OS X 10.12.6','::1',1499690756),
	(1962,5,'leave','website',NULL,NULL,NULL,NULL,1499696650),
	(1963,5,'enter','website','/','default','Chrome 60.0.3112 / Mac OS X 10.12.6','::1',1499703126),
	(1964,5,'enter','chat',NULL,'default',NULL,NULL,1499703131),
	(1965,5,'enter','chat',NULL,'default',NULL,NULL,1499703247),
	(1966,5,'enter','chat',NULL,'default',NULL,NULL,1499703345),
	(1967,NULL,'leave','website',NULL,NULL,NULL,NULL,1499704080),
	(1968,5,'enter','chat',NULL,'default',NULL,NULL,1499704294),
	(1969,5,'enter','chat',NULL,'default',NULL,NULL,1499704327),
	(1970,5,'leave','website',NULL,NULL,NULL,NULL,1499704345),
	(1971,5,'enter','website','/','default','Chrome 60.0.3112 / Mac OS X 10.12.6','::1',1499704353),
	(1972,5,'enter','chat',NULL,'default',NULL,NULL,1499704357),
	(1973,5,'enter','chat',NULL,'default',NULL,NULL,1499704452),
	(1974,5,'enter','chat',NULL,'default',NULL,NULL,1499722631),
	(1975,NULL,'leave','website',NULL,NULL,NULL,NULL,1499723697),
	(1976,NULL,'leave','website',NULL,NULL,NULL,NULL,1499743032),
	(1977,5,'enter','website','/','default','Chrome 60.0.3112 / Mac OS X 10.12.6','::1',1499743095),
	(1978,5,'enter','chat',NULL,'default',NULL,NULL,1499743099),
	(1979,5,'enter','chat',NULL,'default',NULL,NULL,1499743293),
	(1980,5,'enter','chat',NULL,'default',NULL,NULL,1499743657),
	(1981,5,'enter','chat',NULL,'default',NULL,NULL,1499743713),
	(1982,5,'enter','chat',NULL,'default',NULL,NULL,1499745762),
	(1983,5,'enter','chat',NULL,'default',NULL,NULL,1499746117),
	(1984,5,'leave','website',NULL,NULL,NULL,NULL,1499747142),
	(1985,5,'logout',NULL,NULL,NULL,'Chrome 60.0.3112 / Mac OS X 10.12.6','::1',1499747143),
	(1986,218,'login',NULL,NULL,NULL,'Chrome 60.0.3112 / Mac OS X 10.12.6','::1',1499747149),
	(1987,218,'enter','chat',NULL,'default',NULL,NULL,1499747150),
	(1988,218,'leave','website',NULL,NULL,NULL,NULL,1499747214),
	(1989,218,'logout',NULL,NULL,NULL,'Chrome 60.0.3112 / Mac OS X 10.12.6','::1',1499747214),
	(1990,215,'login',NULL,NULL,NULL,'Chrome 60.0.3112 / Mac OS X 10.12.6','::1',1499747224),
	(1991,215,'enter','chat',NULL,'default',NULL,NULL,1499747227),
	(1992,215,'leave','website',NULL,NULL,NULL,NULL,1499747326),
	(1993,215,'logout',NULL,NULL,NULL,'Chrome 60.0.3112 / Mac OS X 10.12.6','::1',1499747327),
	(1994,5,'login',NULL,NULL,NULL,'Chrome 60.0.3112 / Mac OS X 10.12.6','::1',1499747331),
	(1995,5,'enter','chat',NULL,'default',NULL,NULL,1499747333),
	(1996,5,'leave','website',NULL,NULL,NULL,NULL,1499747471),
	(1997,5,'logout',NULL,NULL,NULL,'Chrome 60.0.3112 / Mac OS X 10.12.6','::1',1499747471),
	(1998,218,'login',NULL,NULL,NULL,'Chrome 60.0.3112 / Mac OS X 10.12.6','::1',1499747475),
	(1999,218,'enter','chat',NULL,'default',NULL,NULL,1499747477),
	(2000,218,'leave','website',NULL,NULL,NULL,NULL,1499747639),
	(2001,218,'logout',NULL,NULL,NULL,'Chrome 60.0.3112 / Mac OS X 10.12.6','::1',1499747640),
	(2002,215,'login',NULL,NULL,NULL,'Chrome 60.0.3112 / Mac OS X 10.12.6','::1',1499747646),
	(2003,215,'enter','chat',NULL,'default',NULL,NULL,1499747648),
	(2004,215,'leave','website',NULL,NULL,NULL,NULL,1499747670),
	(2005,215,'logout',NULL,NULL,NULL,'Chrome 60.0.3112 / Mac OS X 10.12.6','::1',1499747670),
	(2006,5,'login',NULL,NULL,NULL,'Chrome 60.0.3112 / Mac OS X 10.12.6','::1',1499747676),
	(2007,5,'enter','chat',NULL,'default',NULL,NULL,1499747678),
	(2008,5,'enter','chat',NULL,'default',NULL,NULL,1499748537),
	(2009,5,'leave','website',NULL,NULL,NULL,NULL,1499748555),
	(2010,5,'enter','website','/','default','Chrome 60.0.3112 / Mac OS X 10.12.6','::1',1499748560),
	(2011,5,'enter','chat',NULL,'default',NULL,NULL,1499748576),
	(2012,5,'enter','chat',NULL,'default',NULL,NULL,1499748677),
	(2013,5,'enter','chat',NULL,'default',NULL,NULL,1499748740),
	(2014,5,'enter','chat',NULL,'default',NULL,NULL,1499748779),
	(2015,5,'enter','chat',NULL,'default',NULL,NULL,1499751196),
	(2016,5,'leave','website',NULL,NULL,NULL,NULL,1499751248),
	(2017,5,'enter','website','/','default','Chrome 60.0.3112 / Mac OS X 10.12.6','::1',1499751255),
	(2018,5,'enter','chat',NULL,'default',NULL,NULL,1499751257),
	(2019,5,'enter','chat',NULL,'default',NULL,NULL,1499751381),
	(2020,5,'enter','chat',NULL,'default',NULL,NULL,1499751455),
	(2021,5,'enter','chat',NULL,'default',NULL,NULL,1499751483),
	(2022,5,'leave','website',NULL,NULL,NULL,NULL,1499751491),
	(2023,5,'enter','website','/','default','Chrome 60.0.3112 / Mac OS X 10.12.6','::1',1499751498),
	(2024,5,'enter','chat',NULL,'default',NULL,NULL,1499751548),
	(2025,5,'enter','chat',NULL,'default',NULL,NULL,1499755811),
	(2026,NULL,'leave','website',NULL,NULL,NULL,NULL,1499755901),
	(2027,5,'enter','chat',NULL,'default',NULL,NULL,1499777645),
	(2028,5,'leave','website',NULL,NULL,NULL,NULL,1499777654),
	(2029,5,'enter','website','/','default','Chrome 60.0.3112 / Mac OS X 10.12.6','::1',1499777719),
	(2030,NULL,'leave','website',NULL,NULL,NULL,NULL,1499777726),
	(2031,5,'enter','website','/','default','Chrome 60.0.3112 / Mac OS X 10.12.6','::1',1499777887),
	(2032,5,'enter','chat',NULL,'default',NULL,NULL,1499777892),
	(2033,5,'enter','chat',NULL,'default',NULL,NULL,1499777967),
	(2034,5,'enter','chat',NULL,'default',NULL,NULL,1499778209),
	(2035,5,'enter','chat',NULL,'default',NULL,NULL,1499778258),
	(2036,5,'enter','chat',NULL,'default',NULL,NULL,1499778305),
	(2037,5,'enter','chat',NULL,'default',NULL,NULL,1499778453),
	(2038,5,'enter','chat',NULL,'default',NULL,NULL,1499778546),
	(2039,5,'enter','chat',NULL,'default',NULL,NULL,1499778584),
	(2040,5,'enter','chat',NULL,'default',NULL,NULL,1499778682),
	(2041,5,'navigate','/users',NULL,NULL,'Chrome 60.0.3112 / Mac OS X 10.12.6','::1',1499778814),
	(2042,5,'navigate','/',NULL,NULL,'Chrome 60.0.3112 / Mac OS X 10.12.6','::1',1499778817),
	(2043,5,'leave','website',NULL,NULL,NULL,NULL,1499778830),
	(2044,5,'enter','website','/','default','Chrome 60.0.3112 / Mac OS X 10.12.6','::1',1499778838),
	(2045,5,'leave','website',NULL,NULL,NULL,NULL,1499778927),
	(2046,5,'enter','website','/','default','Chrome 60.0.3112 / Mac OS X 10.12.6','::1',1499778932),
	(2047,5,'enter','chat',NULL,'default',NULL,NULL,1499778938),
	(2048,5,'enter','chat',NULL,'default',NULL,NULL,1499778986),
	(2049,5,'enter','chat',NULL,'default',NULL,NULL,1499779065),
	(2050,5,'navigate','/videos',NULL,NULL,'Chrome 60.0.3112 / Mac OS X 10.12.6','::1',1499779096),
	(2051,5,'navigate','/',NULL,NULL,'Chrome 60.0.3112 / Mac OS X 10.12.6','::1',1499779267),
	(2052,NULL,'leave','website',NULL,NULL,NULL,NULL,1499779285),
	(2053,218,'enter','website','/','default','Safari 11.0.0 / Mac OS X 10.12.6','::1',1499780247),
	(2054,218,'leave','website',NULL,NULL,NULL,NULL,1499780252),
	(2055,218,'logout',NULL,NULL,NULL,'Safari 11.0.0 / Mac OS X 10.12.6','::1',1499780252),
	(2056,5,'login',NULL,NULL,NULL,'Safari 11.0.0 / Mac OS X 10.12.6','::1',1499780257),
	(2057,5,'enter','chat',NULL,'default',NULL,NULL,1499780259),
	(2058,5,'enter','chat',NULL,'default',NULL,NULL,1499780314),
	(2059,5,'enter','chat',NULL,'default',NULL,NULL,1499780472),
	(2060,5,'enter','chat',NULL,'default',NULL,NULL,1499780513),
	(2061,5,'leave','website',NULL,NULL,NULL,NULL,1499780519),
	(2062,5,'enter','website','/','default','Safari 11.0.0 / Mac OS X 10.12.6','::1',1499780521),
	(2063,5,'enter','chat',NULL,'default',NULL,NULL,1499780524),
	(2064,5,'enter','chat',NULL,'default',NULL,NULL,1499780558),
	(2065,5,'enter','chat',NULL,'default',NULL,NULL,1499780708),
	(2066,5,'enter','chat',NULL,'default',NULL,NULL,1499780753),
	(2067,5,'enter','chat',NULL,'default',NULL,NULL,1499781012),
	(2068,5,'enter','chat',NULL,'default',NULL,NULL,1499781040),
	(2069,5,'enter','chat',NULL,'default',NULL,NULL,1499781367),
	(2070,5,'enter','website','/','default','Safari 11.0.0 / Mac OS X 10.12.6','::1',1499781367),
	(2071,5,'enter','chat',NULL,'default',NULL,NULL,1499781375),
	(2072,5,'enter','chat',NULL,'default',NULL,NULL,1499781464),
	(2073,5,'enter','chat',NULL,'default',NULL,NULL,1499781520),
	(2074,5,'enter','chat',NULL,'default',NULL,NULL,1499782053),
	(2075,5,'leave','website',NULL,NULL,NULL,NULL,1499782058),
	(2076,5,'enter','website','/','default','Safari 11.0.0 / Mac OS X 10.12.6','::1',1499782060),
	(2077,5,'enter','chat',NULL,'default',NULL,NULL,1499782062),
	(2078,5,'enter','chat',NULL,'default',NULL,NULL,1499782117),
	(2079,5,'navigate','/videos/76',NULL,NULL,'Safari 11.0.0 / Mac OS X 10.12.6','::1',1499782256),
	(2080,5,'navigate','/',NULL,NULL,'Safari 11.0.0 / Mac OS X 10.12.6','::1',1499782322),
	(2081,5,'navigate','/links',NULL,NULL,'Safari 11.0.0 / Mac OS X 10.12.6','::1',1499782324),
	(2082,5,'navigate','/',NULL,NULL,'Safari 11.0.0 / Mac OS X 10.12.6','::1',1499782328),
	(2083,5,'enter','chat',NULL,'default',NULL,NULL,1499782431),
	(2084,5,'enter','chat',NULL,'default',NULL,NULL,1499782479),
	(2085,5,'enter','chat',NULL,'default',NULL,NULL,1499782578),
	(2086,5,'enter','chat',NULL,'default',NULL,NULL,1499782602),
	(2087,5,'enter','chat',NULL,'default',NULL,NULL,1499782630),
	(2088,5,'enter','chat',NULL,'default',NULL,NULL,1499782859),
	(2089,5,'enter','website','/','default','Safari 11.0.0 / Mac OS X 10.12.6','::1',1499782859),
	(2090,5,'enter','chat',NULL,'default',NULL,NULL,1499782962),
	(2091,5,'enter','chat',NULL,'default',NULL,NULL,1499782989),
	(2092,5,'enter','chat',NULL,'default',NULL,NULL,1499783066),
	(2093,5,'enter','chat',NULL,'default',NULL,NULL,1499783258),
	(2094,5,'enter','chat',NULL,'default',NULL,NULL,1499783311),
	(2095,5,'enter','chat',NULL,'default',NULL,NULL,1499783343),
	(2096,5,'enter','chat',NULL,'default',NULL,NULL,1499783390),
	(2097,5,'enter','chat',NULL,'default',NULL,NULL,1499783521),
	(2098,5,'enter','chat',NULL,'default',NULL,NULL,1499783711),
	(2099,NULL,'leave','website',NULL,NULL,NULL,NULL,1499783712),
	(2100,5,'navigate','/videos',NULL,NULL,'Safari 11.0.0 / Mac OS X 10.12.6','::1',1499783854),
	(2101,5,'navigate','/links',NULL,NULL,'Safari 11.0.0 / Mac OS X 10.12.6','::1',1499783859),
	(2102,5,'navigate','/',NULL,NULL,'Safari 11.0.0 / Mac OS X 10.12.6','::1',1499783862),
	(2103,5,'enter','chat',NULL,'default',NULL,NULL,1499783867),
	(2104,5,'navigate','/videos',NULL,NULL,'Safari 11.0.0 / Mac OS X 10.12.6','::1',1499783880),
	(2105,5,'navigate','/',NULL,NULL,'Safari 11.0.0 / Mac OS X 10.12.6','::1',1499783994),
	(2106,5,'enter','chat',NULL,'default',NULL,NULL,1499783995),
	(2107,5,'enter','chat',NULL,'default',NULL,NULL,1499784491),
	(2108,5,'enter','chat',NULL,'default',NULL,NULL,1499784533),
	(2109,5,'leave','website',NULL,NULL,NULL,NULL,1499784537),
	(2110,5,'enter','website','/','default','Safari 11.0.0 / Mac OS X 10.12.6','::1',1499784538),
	(2111,5,'enter','chat',NULL,'default',NULL,NULL,1499784540),
	(2112,5,'enter','chat',NULL,'default',NULL,NULL,1499784559),
	(2113,5,'enter','chat',NULL,'default',NULL,NULL,1499784635),
	(2114,5,'enter','chat',NULL,'default',NULL,NULL,1499784732),
	(2115,5,'enter','chat',NULL,'default',NULL,NULL,1499784818),
	(2116,5,'enter','chat',NULL,'default',NULL,NULL,1499785030),
	(2117,5,'enter','chat',NULL,'default',NULL,NULL,1499785094),
	(2118,5,'enter','chat',NULL,'default',NULL,NULL,1499785133),
	(2119,5,'enter','chat',NULL,'default',NULL,NULL,1499785165),
	(2120,5,'enter','chat',NULL,'default',NULL,NULL,1499785944),
	(2121,5,'leave','website',NULL,NULL,NULL,NULL,1499785951),
	(2122,5,'enter','website','/','default','Safari 11.0.0 / Mac OS X 10.12.6','::1',1499786056),
	(2123,5,'enter','chat',NULL,'default',NULL,NULL,1499786068),
	(2124,5,'enter','chat',NULL,'default',NULL,NULL,1499786069),
	(2125,5,'enter','chat',NULL,'default',NULL,NULL,1499786069),
	(2126,5,'enter','chat',NULL,'default',NULL,NULL,1499786071),
	(2127,5,'enter','chat',NULL,'default',NULL,NULL,1499786121),
	(2128,5,'enter','chat',NULL,'default',NULL,NULL,1499786205),
	(2129,5,'enter','chat',NULL,'default',NULL,NULL,1499786239),
	(2130,5,'enter','chat',NULL,'default',NULL,NULL,1499786352),
	(2131,5,'navigate','/videos',NULL,NULL,'Safari 11.0.0 / Mac OS X 10.12.6','::1',1499786396),
	(2132,5,'navigate','/',NULL,NULL,'Safari 11.0.0 / Mac OS X 10.12.6','::1',1499786402),
	(2133,5,'navigate','/videos',NULL,NULL,'Safari 11.0.0 / Mac OS X 10.12.6','::1',1499786523),
	(2134,5,'navigate','/links',NULL,NULL,'Safari 11.0.0 / Mac OS X 10.12.6','::1',1499786528),
	(2135,5,'navigate','/videos',NULL,NULL,'Safari 11.0.0 / Mac OS X 10.12.6','::1',1499786534),
	(2136,5,'navigate','/',NULL,NULL,'Safari 11.0.0 / Mac OS X 10.12.6','::1',1499786542),
	(2137,5,'leave','website',NULL,NULL,NULL,NULL,1499786553),
	(2138,NULL,'leave','website',NULL,NULL,NULL,NULL,1499786558),
	(2139,5,'enter','website','/','default','Safari 11.0.0 / Mac OS X 10.12.6','::1',1499788795),
	(2140,5,'enter','chat',NULL,'default',NULL,NULL,1499788801),
	(2141,5,'enter','website','/users/andrew','default','Safari 11.0.0 / Mac OS X 10.12.6','::1',1499788808),
	(2142,5,'leave','website',NULL,NULL,NULL,NULL,1499788810),
	(2143,5,'enter','website','/','default','Safari 11.0.0 / Mac OS X 10.12.6','::1',1499788889),
	(2144,5,'leave','website',NULL,NULL,NULL,NULL,1499788889),
	(2145,5,'enter','chat',NULL,'default',NULL,NULL,1499788892),
	(2146,5,'enter','chat',NULL,'default',NULL,NULL,1499789043),
	(2147,5,'search','video','94',NULL,'Safari 11.0.0 / Mac OS X 10.12.6','::1',1499789080),
	(2148,5,'navigate','/videos/94',NULL,NULL,'Safari 11.0.0 / Mac OS X 10.12.6','::1',1499789080),
	(2149,5,'navigate','/',NULL,NULL,'Safari 11.0.0 / Mac OS X 10.12.6','::1',1499789101);

/*!40000 ALTER TABLE `users_actions` ENABLE KEYS */;
UNLOCK TABLES;

DELIMITER ;;
/*!50003 SET SESSION SQL_MODE="STRICT_TRANS_TABLES,NO_ENGINE_SUBSTITUTION" */;;
/*!50003 CREATE */ /*!50017 DEFINER=`root`@`localhost` */ /*!50003 TRIGGER `users_actions_after_insert` AFTER INSERT ON `users_actions` FOR EACH ROW BEGIN

UPDATE users SET lastActive = NEW.timeStamp WHERE id = NEW.userId;

END */;;
DELIMITER ;
/*!50003 SET SESSION SQL_MODE=@OLD_SQL_MODE */;


# Dump of table users_groups
# ------------------------------------------------------------

DROP TABLE IF EXISTS `users_groups`;

CREATE TABLE `users_groups` (
  `id` int(11) unsigned NOT NULL AUTO_INCREMENT,
  `name` varchar(200) DEFAULT NULL,
  PRIMARY KEY (`id`)
) ENGINE=InnoDB DEFAULT CHARSET=utf8;

LOCK TABLES `users_groups` WRITE;
/*!40000 ALTER TABLE `users_groups` DISABLE KEYS */;

INSERT INTO `users_groups` (`id`, `name`)
VALUES
	(1,'Bumblebees'),
	(2,'Magical Brains'),
	(3,'Rolling Red Wagons'),
	(4,'Shooting Star'),
	(5,'Cookie Run'),
	(6,'Zoo Crew'),
	(7,'Thundercats'),
	(8,'Angry Birds'),
	(9,'Wild Eagles'),
	(10,'Melting Moon'),
	(11,'Pikachu'),
	(12,'Thunderbolts'),
	(13,'Smart Sodas'),
	(14,'Knowledge'),
	(15,'Silly Monkeys'),
	(16,'Frozen');

/*!40000 ALTER TABLE `users_groups` ENABLE KEYS */;
UNLOCK TABLES;


# Dump of table users_photos
# ------------------------------------------------------------

DROP TABLE IF EXISTS `users_photos`;

CREATE TABLE `users_photos` (
  `id` int(11) unsigned NOT NULL AUTO_INCREMENT,
  `userId` int(11) DEFAULT NULL,
  `isProfilePic` tinyint(11) NOT NULL DEFAULT '0',
  PRIMARY KEY (`id`)
) ENGINE=InnoDB DEFAULT CHARSET=utf8;

LOCK TABLES `users_photos` WRITE;
/*!40000 ALTER TABLE `users_photos` DISABLE KEYS */;

INSERT INTO `users_photos` (`id`, `userId`, `isProfilePic`)
VALUES
	(1,5,0),
	(2,5,0),
	(3,5,0),
	(4,5,0),
	(5,5,0),
	(6,5,0),
	(7,205,0),
	(8,205,0),
	(9,205,0),
	(10,5,0),
	(11,5,0),
	(12,5,0),
	(13,218,1),
	(14,5,0),
	(15,5,0),
	(16,205,1),
	(17,5,0),
	(18,5,0),
	(19,5,0),
	(20,5,1),
	(21,235,0),
	(22,235,0),
	(23,235,0),
	(24,235,1);

/*!40000 ALTER TABLE `users_photos` ENABLE KEYS */;
UNLOCK TABLES;


# Dump of table vq_pinned_playlists
# ------------------------------------------------------------

DROP TABLE IF EXISTS `vq_pinned_playlists`;

CREATE TABLE `vq_pinned_playlists` (
  `id` int(11) unsigned NOT NULL AUTO_INCREMENT,
  `playlistId` int(11) unsigned DEFAULT NULL,
  PRIMARY KEY (`id`)
) ENGINE=InnoDB DEFAULT CHARSET=utf8;

LOCK TABLES `vq_pinned_playlists` WRITE;
/*!40000 ALTER TABLE `vq_pinned_playlists` DISABLE KEYS */;

INSERT INTO `vq_pinned_playlists` (`id`, `playlistId`)
VALUES
	(1,2),
	(2,8),
	(3,4);

/*!40000 ALTER TABLE `vq_pinned_playlists` ENABLE KEYS */;
UNLOCK TABLES;


# Dump of table vq_playlists
# ------------------------------------------------------------

DROP TABLE IF EXISTS `vq_playlists`;

CREATE TABLE `vq_playlists` (
  `id` int(11) unsigned NOT NULL AUTO_INCREMENT,
  `title` varchar(300) DEFAULT NULL,
  `description` varchar(300) DEFAULT NULL,
  `creator` int(11) unsigned DEFAULT NULL,
  `timeStamp` bigint(20) DEFAULT NULL,
  PRIMARY KEY (`id`)
) ENGINE=InnoDB DEFAULT CHARSET=utf8mb4;

LOCK TABLES `vq_playlists` WRITE;
/*!40000 ALTER TABLE `vq_playlists` DISABLE KEYS */;

INSERT INTO `vq_playlists` (`id`, `title`, `description`, `creator`, `timeStamp`)
VALUES
	(1,'First playlist','No description',5,NULL),
	(2,'twenty three!!','No description',5,NULL),
	(3,'three','No description',5,NULL),
	(4,'forty nine!','No description',5,1498961073),
	(7,'Fifty','No description',5,NULL),
	(8,'Yo!','No description',5,1498961078),
	(9,'New playlist without description','',5,NULL),
	(10,'testsetsets','',5,NULL),
	(11,'?  ?  ?  (sunglass) ?  ','',5,NULL),
	(12,'?  ?  hoho','?  ?  ? ',5,1498822970),
	(13,'&lt;html&gt; ❤️  &lt;#','',5,NULL),
	(15,'this is a new test playlist','',5,1498821077),
	(16,'timestamp test','',5,1498089738),
	(17,'History & Literature',NULL,5,1498089711),
	(18,'Bug Test PL','',5,1498960975),
	(19,'Another Bug Test PL','',5,1498961060),
	(25,'all videos','',5,1499090574);

/*!40000 ALTER TABLE `vq_playlists` ENABLE KEYS */;
UNLOCK TABLES;


# Dump of table vq_playlistvideos
# ------------------------------------------------------------

DROP TABLE IF EXISTS `vq_playlistvideos`;

CREATE TABLE `vq_playlistvideos` (
  `id` int(11) unsigned NOT NULL AUTO_INCREMENT,
  `playlistId` int(11) unsigned DEFAULT NULL,
  `videoId` int(11) unsigned DEFAULT NULL,
  PRIMARY KEY (`id`)
) ENGINE=InnoDB DEFAULT CHARSET=utf8;

LOCK TABLES `vq_playlistvideos` WRITE;
/*!40000 ALTER TABLE `vq_playlistvideos` DISABLE KEYS */;

INSERT INTO `vq_playlistvideos` (`id`, `playlistId`, `videoId`)
VALUES
	(194,3,3),
	(195,3,2),
	(196,3,1),
	(197,3,66),
	(198,3,67),
	(290,2,6),
	(291,2,7),
	(292,2,9),
	(293,2,68),
	(294,2,70),
	(295,7,50),
	(296,7,72),
	(297,7,71),
	(298,7,70),
	(299,7,51),
	(313,10,82),
	(314,10,83),
	(315,10,76),
	(316,10,74),
	(317,10,73),
	(387,9,40),
	(388,9,41),
	(389,9,42),
	(390,9,74),
	(391,9,73),
	(392,9,75),
	(393,9,76),
	(410,1,67),
	(411,1,65),
	(412,1,60),
	(413,1,59),
	(414,1,55),
	(415,1,54),
	(416,1,88),
	(417,1,87),
	(418,1,43),
	(419,1,42),
	(420,1,41),
	(421,1,23),
	(422,1,24),
	(423,1,25),
	(424,1,26),
	(425,1,20),
	(426,1,19),
	(427,1,18),
	(428,1,6),
	(429,1,2),
	(430,1,3),
	(431,1,1),
	(460,11,70),
	(461,11,68),
	(462,11,82),
	(463,11,69),
	(464,11,67),
	(476,13,19),
	(477,13,46),
	(478,13,82),
	(479,13,83),
	(480,13,79),
	(524,16,67),
	(525,16,46),
	(526,16,42),
	(527,16,12),
	(537,17,21),
	(538,17,22),
	(539,17,23),
	(540,17,40),
	(541,17,55),
	(542,17,65),
	(543,17,83),
	(581,15,65),
	(582,15,77),
	(583,15,38),
	(584,15,92),
	(585,15,11),
	(586,15,45),
	(587,15,40),
	(588,15,15),
	(589,15,9),
	(590,15,78),
	(629,12,40),
	(630,12,26),
	(631,12,38),
	(632,12,45),
	(633,12,75),
	(634,12,86),
	(635,12,92),
	(636,12,91),
	(637,12,90),
	(638,12,89),
	(639,12,88),
	(640,12,87),
	(641,12,74),
	(642,12,72),
	(643,12,12),
	(644,12,69),
	(645,12,76),
	(646,12,42),
	(647,12,73),
	(648,12,46),
	(649,12,65),
	(650,18,31),
	(651,18,90),
	(652,18,79),
	(653,18,20),
	(654,18,16),
	(655,19,21),
	(656,19,82),
	(657,19,92),
	(658,19,86),
	(659,19,48),
	(660,19,47),
	(661,19,23),
	(662,4,88),
	(663,4,86),
	(664,4,85),
	(665,4,3),
	(666,4,65),
	(667,8,13),
	(668,8,46),
	(669,8,12),
	(670,8,18),
	(671,8,16),
	(871,25,82),
	(872,25,92),
	(873,25,91),
	(874,25,90),
	(875,25,89),
	(876,25,88),
	(877,25,87),
	(878,25,86),
	(879,25,85),
	(880,25,83),
	(881,25,79),
	(882,25,78),
	(883,25,77),
	(884,25,76),
	(885,25,75),
	(886,25,74),
	(887,25,73),
	(888,25,72);

/*!40000 ALTER TABLE `vq_playlistvideos` ENABLE KEYS */;
UNLOCK TABLES;


# Dump of table vq_questions
# ------------------------------------------------------------

DROP TABLE IF EXISTS `vq_questions`;

CREATE TABLE `vq_questions` (
  `id` int(11) unsigned NOT NULL AUTO_INCREMENT,
  `videoId` int(11) unsigned DEFAULT NULL,
  `title` varchar(2000) CHARACTER SET utf8mb4 DEFAULT NULL,
  `choice1` varchar(2000) CHARACTER SET utf8mb4 DEFAULT NULL,
  `choice2` varchar(2000) CHARACTER SET utf8mb4 DEFAULT NULL,
  `choice3` varchar(2000) CHARACTER SET utf8mb4 DEFAULT NULL,
  `choice4` varchar(2000) CHARACTER SET utf8mb4 DEFAULT NULL,
  `choice5` varchar(2000) CHARACTER SET utf8mb4 DEFAULT NULL,
  `correctChoice` int(11) unsigned NOT NULL,
  `creator` int(11) unsigned DEFAULT NULL,
  `isDraft` tinyint(11) unsigned NOT NULL DEFAULT '0',
  PRIMARY KEY (`id`)
) ENGINE=InnoDB DEFAULT CHARSET=utf8;

LOCK TABLES `vq_questions` WRITE;
/*!40000 ALTER TABLE `vq_questions` DISABLE KEYS */;

INSERT INTO `vq_questions` (`id`, `videoId`, `title`, `choice1`, `choice2`, `choice3`, `choice4`, `choice5`, `correctChoice`, `creator`, `isDraft`)
VALUES
	(6,248,'second question','one','two','three',NULL,NULL,2,5,0),
	(7,295,'what is the name of this video game?','friday the 12th','sunday the 13th','a and b',NULL,NULL,2,5,0),
	(10,270,'What is this game?','Assassins Creed','Dark Souls','None of the above',NULL,NULL,3,5,0),
	(11,270,'What is the color of the hoodie this guy is wearing?','blue','black','Somewhere in between.','Stupid question.',NULL,4,5,0),
	(14,260,'first question on unanimous decisions?','first choice','second choice','third choice','fourth choice',NULL,2,5,0),
	(15,260,'second question on ud','first choice!','There are many variations of passages of Lorem Ipsum available, but the majority have suffered alteration in some form, by injected humour, or randomised words which don\'t look even slightly believable. If you are going to use a passage of Lorem Ipsum, you need to be sure there isn\'t anything embarrassing hidden in the middle of text. All the Lorem Ipsum generators on the Internet tend to repeat predefined chunks as necessary, making this the first true generator on the Internet. It uses a dictionary of over 200 Latin words, combined with a handful of model sentence structures, to generate Lorem Ipsum which looks reasonable. The generated Lorem Ipsum is therefore always free from repetition, injected humour, or non-characteristic words etc.','There are many variations of passages of Lorem Ipsum available, but the majority have suffered alteration in some form, by injected humour, or randomised words which don\'t look even slightly believable. If you are going to use a passage of Lorem Ipsum, you need to be sure there isn\'t anything embarrassing hidden in the middle of text. All the Lorem Ipsum generators on the Internet tend to repeat predefined chunks as necessary, making this the first true generator on the Internet. It uses a dictionary of over 200 Latin words, combined with a handful of model sentence structures, to generate Lorem Ipsum which looks reasonable. The generated Lorem Ipsum is therefore always free from repetition, injected humour, or non-characteristic words etc.','There are many variations of passages of Lorem Ipsum available, but the majority have suffered alteration in some form, by injected humour, or randomised words which don\'t look even slightly believable. If you are going to use a passage of Lorem Ipsum, you need to be sure there isn\'t anything embarrassing hidden in the middle of text. All the Lorem Ipsum generators on the Internet tend to repeat predefined chunks as necessary, making this the first true generator on the Internet. It uses a dictionary of over 200 Latin words, combined with a handful of model sentence structures, to generate Lorem Ipsum which looks reasonable. The generated Lorem Ipsum is therefore always free from repetition, injected humour, or non-characteristic words etc.','fifth!',3,5,0),
	(16,260,'The shape of a billiard table is altered by adding small straight edges (one on the top and one on the bottom). Choose the best description of what occurs when a billiard ball is hit.','yes','no',NULL,NULL,NULL,1,5,0),
	(17,260,'holy cow','this game is great.','hello','bird','rabbit',NULL,2,5,0),
	(18,235,'Error!!! Come on','One','Three','four','five',NULL,3,5,0),
	(19,235,'Adding bunch of questions for error','one!!','two!!','three??',NULL,NULL,3,5,0),
	(20,235,'Threee!!!','One','Two','dfafsaf',NULL,NULL,2,5,0),
	(21,309,'test<br><br><br>testetsadf<br>dsfa','fdas','fdsa',NULL,NULL,NULL,1,5,0),
	(22,66,'one','1','2','3',NULL,NULL,2,5,0),
	(23,66,'test2','test','tes2',NULL,NULL,NULL,2,5,0),
	(30,61,'fdsaf','fdsa1','fdsa2','fdsa3','fdsa/??',NULL,4,5,0),
	(31,61,'fdsa','fdsafdsa','fdsaf','fdsa','fdsa',NULL,1,5,0),
	(32,1,'test','fdsa','test','fdsa',NULL,NULL,3,5,0),
	(33,1,'fdsafsa','fdsa','fdsaf',NULL,NULL,NULL,1,5,0),
	(34,72,'Question 1','and','or','are',NULL,NULL,2,5,0),
	(35,72,'Question 2','has','have','had',NULL,NULL,2,5,0),
	(38,78,'test!!','fdsa','fdsa','fdsa','fdsa','fdasfdsafdsafdsfsdafdsaf',4,5,0),
	(39,78,'fdsafsa2','fdsa','fdsa','fdas','fdsa','fdas',3,5,0),
	(40,78,'ddddddd','ddd','dd','dd',NULL,NULL,2,5,0),
	(43,68,'jlkjkljklfdsa','dsfa','fdsa','fdsa',NULL,NULL,1,5,0),
	(44,68,'hihi','fdsa','fdsafdsafd',NULL,NULL,NULL,2,5,0),
	(45,65,'testing','one','two','three',NULL,NULL,1,5,0),
	(46,55,'Socrates','i think therefore i exist?','hated democracy?','whatever',NULL,NULL,2,5,0),
	(47,55,'aristotles','hi','hello',NULL,NULL,NULL,1,5,0);

/*!40000 ALTER TABLE `vq_questions` ENABLE KEYS */;
UNLOCK TABLES;


# Dump of table vq_video_views
# ------------------------------------------------------------

DROP TABLE IF EXISTS `vq_video_views`;

CREATE TABLE `vq_video_views` (
  `id` int(11) unsigned NOT NULL AUTO_INCREMENT,
  `videoId` int(11) DEFAULT NULL,
  `userId` int(11) DEFAULT NULL,
  `timeStamp` bigint(11) DEFAULT NULL,
  PRIMARY KEY (`id`)
) ENGINE=InnoDB DEFAULT CHARSET=utf8;

LOCK TABLES `vq_video_views` WRITE;
/*!40000 ALTER TABLE `vq_video_views` DISABLE KEYS */;

INSERT INTO `vq_video_views` (`id`, `videoId`, `userId`, `timeStamp`)
VALUES
	(1,7,NULL,1475926554),
	(2,7,5,1475926566),
	(8,1,5,1475926824),
	(9,1,5,1475926946),
	(10,1,5,1475927066),
	(11,7,5,1475927289),
	(12,7,5,1475927308),
	(13,7,5,1475928717),
	(14,6,5,1475929030),
	(15,6,5,1475929231),
	(16,6,5,1475929246),
	(17,2,5,1475929268),
	(18,7,5,1475929898),
	(19,7,5,1475929957),
	(20,7,5,1475930277),
	(21,7,5,1475966996),
	(22,7,5,1475967001),
	(23,7,5,1475967006),
	(24,7,5,1475997551),
	(25,13,5,1476363007),
	(26,13,5,1476363027),
	(27,13,5,1476363491),
	(28,12,5,1476363509),
	(29,13,5,1476426482),
	(30,13,5,1476428071),
	(31,17,5,1476705301),
	(32,18,5,1476708661),
	(33,17,5,1476709696),
	(34,21,5,1476905811),
	(35,20,5,1476905829),
	(36,22,5,1477028534),
	(51,31,205,1480003642),
	(52,31,205,1480003676),
	(53,31,205,1480003686),
	(54,30,205,1480003699),
	(55,31,205,1480004111),
	(56,30,205,1480004111),
	(57,30,205,1480004139),
	(58,31,5,1480004181),
	(59,30,5,1480004194),
	(60,30,5,1480004199),
	(61,31,5,1480030708),
	(62,31,5,1480031303),
	(63,31,5,1480031451),
	(64,31,5,1480033946),
	(65,31,5,1480034256),
	(66,31,5,1480034270),
	(67,31,5,1480034957),
	(68,31,5,1480035086),
	(69,31,5,1480035729),
	(70,31,5,1480035739),
	(71,31,5,1480036039),
	(72,31,5,1480036054),
	(73,31,5,1480036087),
	(74,31,5,1480036240),
	(75,31,5,1480036253),
	(76,31,5,1480036262),
	(77,31,5,1480036776),
	(78,31,5,1480079977),
	(79,31,5,1480085759),
	(80,36,205,1480089389),
	(81,33,205,1480093216),
	(82,33,205,1480097802),
	(83,43,205,1480121152),
	(84,42,205,1480173592),
	(85,41,205,1480421767),
	(86,43,205,1480646411),
	(87,46,205,1480786021),
	(88,47,205,1480833972),
	(89,48,205,1480867329),
	(90,50,205,1480952089),
	(91,54,5,1481094823),
	(92,55,5,1481225129),
	(93,61,5,1481646502),
	(94,53,5,1481708944),
	(95,50,5,1481708952),
	(96,62,5,1481987429),
	(97,47,5,1482512903),
	(99,53,5,1482675029),
	(100,53,5,1482675050),
	(101,53,5,1482675326),
	(102,53,5,1482675764),
	(103,53,5,1482675766),
	(104,33,5,1482675837),
	(105,33,5,1482675840),
	(106,31,5,1482675867),
	(107,31,5,1482675868),
	(108,53,5,1482675950),
	(109,65,5,1482676204),
	(110,53,5,1482676214),
	(111,65,5,1482680183),
	(112,53,5,1482680378),
	(113,53,5,1482680445),
	(114,53,5,1482680457),
	(115,65,5,1482680465),
	(116,50,5,1482680481),
	(117,50,5,1482680577),
	(118,50,5,1482680989),
	(119,50,5,1482681035),
	(120,53,5,1482681066),
	(121,42,5,1482681084),
	(122,65,5,1482681370),
	(123,53,5,1482683776),
	(124,53,5,1482683782),
	(125,53,5,1482683789),
	(126,33,5,1482710260),
	(127,35,5,1482710299),
	(128,36,5,1482710307),
	(129,38,5,1482710325),
	(130,40,5,1482710592),
	(131,41,5,1482710599),
	(132,53,5,1482710729),
	(133,65,5,1482710841),
	(134,50,5,1482710892),
	(135,50,5,1482710990),
	(136,65,5,1482710996),
	(137,53,5,1482732240),
	(138,65,5,1482732281),
	(139,65,5,1482886903),
	(140,61,5,1482897616),
	(141,6,5,1484407273),
	(142,6,5,1484407322),
	(143,4,5,1484407331),
	(144,2,5,1484407342),
	(145,62,5,1484407370),
	(146,6,5,1484407775),
	(147,6,5,1484407938),
	(148,6,5,1484407968),
	(149,6,5,1484407989),
	(150,6,5,1484407997),
	(151,53,5,1484408004),
	(152,53,5,1484408050),
	(153,53,5,1484408062),
	(154,2,5,1484408073),
	(155,53,5,1484479052),
	(156,53,5,1484479060),
	(157,3,5,1484479077),
	(158,1,5,1484479095),
	(159,66,222,1484930325),
	(160,67,229,1485257396),
	(161,68,5,1485824618),
	(162,68,5,1485827052),
	(163,68,5,1486522180),
	(164,68,5,1486522257),
	(165,68,5,1486522273),
	(166,68,205,1486877714),
	(167,68,205,1486877743),
	(168,68,205,1486877818),
	(169,68,205,1486878143),
	(170,68,205,1486878406),
	(171,68,205,1486878555),
	(172,53,205,1486880058),
	(173,68,205,1486880916),
	(174,68,205,1486880926),
	(175,68,5,1487163430),
	(176,72,5,1487175048),
	(177,73,5,1487175217),
	(178,72,5,1487179717),
	(179,NULL,5,1487323130),
	(180,74,5,1487342177),
	(181,75,205,1487423081),
	(182,76,5,1487597157),
	(183,78,5,1489422181),
	(184,78,5,1489431859),
	(185,78,5,1489431873),
	(186,81,5,1491921763),
	(187,1,5,1492771403),
	(188,NULL,NULL,1492935470),
	(189,83,5,1493012194),
	(190,83,NULL,1493014215),
	(191,83,5,1493016109),
	(192,84,5,1493093219),
	(193,76,5,1493655577),
	(194,86,5,1494823320),
	(195,86,5,1494843843),
	(196,76,5,1494844099),
	(197,86,5,1494856203),
	(198,3,5,1494856210),
	(199,3,5,1494856263),
	(200,3,5,1494856285),
	(201,6,5,1494856619),
	(202,6,5,1494856739),
	(203,6,5,1494856770),
	(204,6,5,1494856789),
	(205,62,5,1494856806),
	(206,62,5,1494856916),
	(207,62,5,1494856926),
	(208,62,5,1494856929),
	(209,62,5,1494856933),
	(210,62,5,1494856937),
	(211,62,5,1494856940),
	(212,62,5,1494856943),
	(213,62,5,1494856946),
	(214,62,5,1494856949),
	(215,62,5,1494857021),
	(216,62,5,1494857034),
	(217,62,5,1494857133),
	(218,62,5,1494857152),
	(219,62,5,1494857171),
	(220,62,5,1494857211),
	(221,62,5,1494857251),
	(222,62,5,1494857270),
	(223,62,5,1494857311),
	(224,62,5,1494857329),
	(225,62,5,1494857346),
	(226,62,5,1494857421),
	(227,62,5,1494857451),
	(228,62,5,1494857467),
	(229,86,5,1494858823),
	(230,86,5,1494861184),
	(231,86,5,1494885330),
	(232,65,5,1494885343),
	(233,65,5,1494885365),
	(234,86,5,1494886216),
	(235,86,5,1494911761),
	(236,86,5,1494911875),
	(237,86,5,1494912028),
	(238,86,5,1494912105),
	(239,86,5,1494913090),
	(240,86,5,1494913116),
	(241,86,5,1494913263),
	(242,86,5,1494913445),
	(243,86,5,1494913583),
	(244,86,5,1494914612),
	(245,86,5,1494914637),
	(246,86,5,1494914651),
	(247,86,5,1494914750),
	(248,86,5,1494916723),
	(249,86,5,1494917225),
	(250,6,5,1494917262),
	(251,6,5,1494917419),
	(252,6,5,1494917503),
	(253,6,5,1494917577),
	(254,6,5,1494917911),
	(255,6,5,1494918082),
	(256,6,5,1494919811),
	(257,86,5,1494941385),
	(258,85,5,1494941635),
	(259,86,5,1494941664),
	(260,85,5,1494941673),
	(261,86,5,1494941796),
	(262,6,5,1494941833),
	(263,6,5,1494942667),
	(264,6,5,1494943015),
	(265,6,5,1494943370),
	(266,6,5,1494945308),
	(267,6,5,1494945318),
	(268,6,5,1494945355),
	(269,6,5,1494945376),
	(270,6,5,1494945423),
	(271,86,5,1494945637),
	(272,86,5,1494945699),
	(273,6,5,1494946061),
	(274,65,5,1494946190),
	(275,7,5,1494946214),
	(276,70,5,1494946222),
	(277,79,5,1494946249),
	(278,79,5,1494946289),
	(279,79,5,1494946424),
	(280,79,5,1494946597),
	(281,79,5,1494946768),
	(282,79,5,1494946969),
	(283,79,5,1494947171),
	(284,86,5,1494947181),
	(285,85,5,1494947202),
	(286,71,5,1494947212),
	(287,86,5,1494947345),
	(288,6,5,1494947355),
	(289,86,5,1494947908),
	(290,86,5,1494947968),
	(291,86,5,1494948128),
	(292,86,5,1494948563),
	(293,86,5,1494948618),
	(294,6,5,1494948719),
	(295,84,5,1494948870),
	(296,70,5,1494948996),
	(297,9,5,1494949316),
	(298,86,5,1494949362),
	(299,65,5,1494949421),
	(300,71,5,1494949435),
	(301,86,5,1494949525),
	(302,76,5,1494949879),
	(303,86,5,1494952439),
	(304,86,5,1494952607),
	(305,86,5,1494952648),
	(306,86,5,1494952714),
	(307,76,5,1494952741),
	(308,76,5,1494952776),
	(309,6,5,1494952945),
	(310,86,5,1494953090),
	(311,86,5,1494956335),
	(312,3,5,1494958530),
	(313,86,5,1494989282),
	(314,86,5,1494989389),
	(315,86,5,1494989451),
	(316,86,5,1494989519),
	(317,86,5,1494989540),
	(318,86,5,1494989559),
	(319,86,5,1494989573),
	(320,86,5,1494989615),
	(321,86,5,1494989679),
	(322,86,5,1494989737),
	(323,86,5,1494990980),
	(324,86,5,1494991008),
	(325,86,5,1494991019),
	(326,86,5,1494991082),
	(327,86,5,1494991135),
	(328,86,5,1494991173),
	(329,86,5,1494991208),
	(330,86,5,1494994290),
	(331,86,5,1494994884),
	(332,86,5,1494995013),
	(333,86,5,1494997799),
	(334,86,5,1494997805),
	(335,86,5,1495019021),
	(336,86,5,1495019073),
	(337,86,5,1495019165),
	(338,86,5,1495019298),
	(339,86,5,1495019314),
	(340,86,5,1495019319),
	(341,86,5,1495019397),
	(342,86,5,1495019493),
	(343,86,5,1495019609),
	(344,62,5,1495019699),
	(345,62,5,1495019899),
	(346,55,5,1495019918),
	(347,55,5,1495019933),
	(348,55,5,1495020027),
	(349,55,5,1495020037),
	(350,55,5,1495022062),
	(351,55,5,1495023252),
	(352,3,5,1495023262),
	(353,3,5,1495023393),
	(354,3,5,1495023822),
	(355,3,5,1495024068),
	(356,3,5,1495024288),
	(357,3,5,1495024355),
	(358,3,5,1495024477),
	(359,3,5,1495024723),
	(360,3,5,1495024932),
	(361,3,5,1495025686),
	(362,3,5,1495025829),
	(363,3,5,1495025848),
	(364,3,5,1495026337),
	(365,3,5,1495027189),
	(366,3,5,1495027239),
	(367,3,5,1495027634),
	(368,68,5,1495027669),
	(369,72,5,1495027738),
	(370,72,5,1495027755),
	(371,72,5,1495027828),
	(372,72,5,1495027865),
	(373,72,5,1495027880),
	(374,72,5,1495027965),
	(375,72,5,1495028018),
	(376,72,5,1495028085),
	(377,72,5,1495028177),
	(378,72,5,1495028254),
	(379,72,5,1495028488),
	(380,72,5,1495028509),
	(381,72,5,1495028541),
	(382,72,5,1495028989),
	(383,74,5,1495029409),
	(384,74,5,1495029445),
	(385,68,5,1495029468),
	(386,2,5,1495029528),
	(387,2,5,1495030250),
	(388,2,5,1495030646),
	(389,2,5,1495030720),
	(390,2,5,1495030776),
	(391,2,5,1495031196),
	(392,86,5,1495031211),
	(393,86,5,1495031240),
	(394,86,5,1495032405),
	(395,86,5,1495032447),
	(396,72,5,1495032472),
	(397,72,218,1495032497),
	(398,72,215,1495032516),
	(399,72,215,1495032734),
	(400,72,215,1495032755),
	(401,72,215,1495033479),
	(402,72,215,1495033825),
	(403,72,215,1495033976),
	(404,6,215,1495033982),
	(405,6,215,1495034370),
	(406,6,215,1495034378),
	(407,6,215,1495034490),
	(408,6,215,1495034535),
	(409,3,215,1495034540),
	(410,7,215,1495034564),
	(411,9,215,1495034572),
	(412,70,215,1495034596),
	(413,70,215,1495034607),
	(414,51,215,1495034613),
	(415,51,215,1495034857),
	(416,51,215,1495034878),
	(417,51,215,1495035007),
	(418,3,215,1495035013),
	(419,84,215,1495035044),
	(420,3,215,1495035096),
	(421,65,215,1495035244),
	(422,65,215,1495035255),
	(423,3,215,1495035263),
	(424,2,215,1495035267),
	(425,2,215,1495035380),
	(426,2,215,1495035500),
	(427,1,215,1495035504),
	(428,1,215,1495035514),
	(429,1,215,1495035696),
	(430,1,215,1495035722),
	(431,1,215,1495035731),
	(432,3,215,1495035901),
	(433,1,215,1495035995),
	(434,3,215,1495036032),
	(435,65,215,1495036112),
	(436,84,215,1495036116),
	(437,85,215,1495036122),
	(438,84,215,1495036124),
	(439,74,215,1495036127),
	(440,73,215,1495036131),
	(441,72,215,1495036134),
	(442,71,215,1495036169),
	(443,72,215,1495036192),
	(444,72,215,1495036223),
	(445,78,215,1495036226),
	(446,78,215,1495036231),
	(447,72,215,1495036233),
	(448,73,215,1495036236),
	(449,3,215,1495036250),
	(450,65,215,1495036255),
	(451,3,215,1495036260),
	(452,65,215,1495036262),
	(453,3,215,1495036265),
	(454,3,215,1495036458),
	(455,3,215,1495036581),
	(456,3,215,1495036634),
	(457,73,215,1495036640),
	(458,72,215,1495036650),
	(459,73,215,1495036655),
	(460,73,215,1495036808),
	(461,72,215,1495036829),
	(462,73,215,1495036841),
	(463,73,215,1495037099),
	(464,72,215,1495037101),
	(465,78,215,1495037104),
	(466,72,215,1495037109),
	(467,73,215,1495037119),
	(468,73,215,1495037184),
	(469,72,215,1495037186),
	(470,84,215,1495037188),
	(471,72,215,1495037191),
	(472,71,215,1495037196),
	(473,71,215,1495037305),
	(474,3,215,1495037316),
	(475,3,215,1495037323),
	(476,65,215,1495037327),
	(477,3,215,1495037329),
	(478,6,215,1495037333),
	(479,18,215,1495037341),
	(480,16,215,1495037345),
	(481,13,215,1495037351),
	(482,16,215,1495037378),
	(483,12,215,1495037399),
	(484,18,215,1495037500),
	(485,16,215,1495037507),
	(486,13,215,1495037511),
	(487,13,215,1495037610),
	(488,13,215,1495037615),
	(489,13,215,1495037625),
	(490,3,215,1495037642),
	(491,13,215,1495037650),
	(492,75,215,1495037681),
	(493,65,215,1495037687),
	(494,76,215,1495037690),
	(495,76,215,1495037697),
	(496,13,215,1495037709),
	(497,13,215,1495037746),
	(498,13,215,1495037838),
	(499,13,215,1495037920),
	(500,12,215,1495037943),
	(501,12,215,1495037949),
	(502,12,215,1495037960),
	(503,12,215,1495038195),
	(504,18,215,1495038200),
	(505,18,215,1495038207),
	(506,18,215,1495038221),
	(507,18,215,1495038231),
	(508,18,215,1495038242),
	(509,18,215,1495038317),
	(510,18,215,1495038325),
	(511,18,215,1495038455),
	(512,18,215,1495038593),
	(513,18,215,1495038667),
	(514,18,215,1495038677),
	(515,18,215,1495038685),
	(516,72,215,1495038692),
	(517,71,215,1495038698),
	(518,71,215,1495038806),
	(519,71,215,1495038810),
	(520,50,215,1495038814),
	(521,86,215,1495039538),
	(522,72,215,1495039598),
	(523,72,215,1495039668),
	(524,72,215,1495039866),
	(525,65,5,1495096868),
	(526,86,5,1495192101),
	(527,86,5,1495208960),
	(528,85,5,1495208979),
	(529,85,5,1495209248),
	(530,84,5,1495209581),
	(531,85,5,1495209583),
	(532,85,5,1495209958),
	(533,85,5,1495210007),
	(534,85,5,1495210205),
	(535,85,5,1495210248),
	(536,85,5,1495210293),
	(537,85,5,1495210634),
	(538,86,5,1495211027),
	(539,85,5,1495211297),
	(540,86,5,1495240836),
	(541,86,5,1495241252),
	(542,3,5,1495781244),
	(543,6,5,1495781404),
	(544,86,5,1495784592),
	(545,86,5,1495789801),
	(546,84,5,1495789827),
	(547,86,5,1495790674),
	(548,86,5,1495792072),
	(549,85,5,1495792080),
	(550,85,5,1495792322),
	(551,85,5,1495792431),
	(552,85,5,1495792539),
	(553,85,5,1495792604),
	(554,85,5,1495792612),
	(555,85,5,1495792881),
	(556,85,5,1495792908),
	(557,85,5,1495793065),
	(558,85,5,1495793076),
	(559,86,5,1495793136),
	(560,86,5,1495793142),
	(561,85,5,1495793153),
	(562,85,5,1495793284),
	(563,85,5,1495793292),
	(564,85,5,1495793307),
	(565,85,5,1495793307),
	(566,85,5,1495793920),
	(567,85,5,1495794070),
	(568,85,5,1495794191),
	(569,85,5,1495794357),
	(570,85,5,1495794407),
	(571,85,5,1495794415),
	(572,85,5,1495794803),
	(573,85,5,1495794819),
	(574,85,5,1495794848),
	(575,85,5,1495794858),
	(576,85,5,1495795074),
	(577,85,5,1495795081),
	(578,85,5,1495795089),
	(579,85,5,1495795125),
	(580,85,5,1495795138),
	(581,85,5,1495795669),
	(582,85,5,1495795679),
	(583,85,5,1495795682),
	(584,85,5,1495795706),
	(585,85,5,1495795712),
	(586,85,5,1495795728),
	(587,86,5,1496054007),
	(588,88,5,1496123518),
	(589,88,5,1496128954),
	(590,88,5,1496138621),
	(591,88,5,1496153069),
	(592,88,5,1496655462),
	(593,76,5,1496826454),
	(594,16,5,1496827353),
	(595,86,5,1496827409),
	(596,85,5,1496827419),
	(597,17,5,1496897171),
	(598,3,NULL,1496936424),
	(599,3,NULL,1496936436),
	(600,3,NULL,1496936478),
	(601,86,5,1496966964),
	(602,85,5,1496967340),
	(603,83,NULL,1496967366),
	(604,86,5,1496969821),
	(605,85,5,1496969850),
	(606,86,5,1496969853),
	(607,6,5,1497178333),
	(608,86,5,1497333212),
	(609,65,5,1497333883),
	(610,16,5,1497333934),
	(611,3,5,1497347124),
	(612,3,5,1497347157),
	(613,3,5,1497347317),
	(614,3,5,1497347595),
	(615,3,5,1497347653),
	(616,6,5,1497348336),
	(617,6,5,1497348526),
	(618,6,5,1497348611),
	(619,6,5,1497348649),
	(620,6,5,1497348658),
	(621,6,5,1497357292),
	(622,89,5,1497357519),
	(623,89,5,1497358361),
	(624,89,5,1497361905),
	(625,89,5,1497362042),
	(626,6,5,1497430255),
	(627,6,5,1497430264),
	(628,6,5,1497430468),
	(629,6,5,1497861963),
	(630,54,5,1497861973),
	(631,87,5,1497861983),
	(632,87,5,1497862316),
	(633,87,5,1497862402),
	(634,87,5,1497862429),
	(635,87,5,1497862437),
	(636,87,5,1497862457),
	(637,87,5,1497862457),
	(638,87,5,1497862471),
	(639,87,5,1497862472),
	(640,87,5,1497862495),
	(641,87,5,1497862495),
	(642,87,5,1497862508),
	(643,87,5,1497862509),
	(644,88,5,1498790495),
	(645,86,5,1498807294),
	(646,88,5,1498807472),
	(647,70,5,1498807684),
	(648,12,5,1498807697),
	(649,72,5,1498807997),
	(650,3,5,1498984602),
	(651,85,5,1498985089),
	(652,86,5,1498985340),
	(653,86,5,1498985370),
	(654,46,5,1498985389),
	(655,7,5,1498985395),
	(656,89,5,1498985409),
	(657,85,5,1498986198),
	(658,87,5,1498986210),
	(659,85,5,1498986353),
	(660,92,5,1498986371),
	(661,38,5,1498986384),
	(662,86,5,1498987028),
	(663,86,5,1498987059),
	(664,85,5,1498987169),
	(665,65,5,1498987182),
	(666,91,5,1498987194),
	(667,86,5,1499038687),
	(668,86,5,1499080041),
	(669,88,5,1499080065),
	(670,88,5,1499080266),
	(671,88,5,1499080323),
	(672,88,5,1499080369),
	(673,88,5,1499080423),
	(674,88,5,1499080468),
	(675,88,5,1499080489),
	(676,86,5,1499081210),
	(677,86,5,1499081420),
	(678,86,5,1499081476),
	(679,87,5,1499081728),
	(680,82,5,1499091471),
	(681,92,5,1499091483),
	(682,92,5,1499091491),
	(683,90,5,1499091514),
	(684,89,5,1499091523),
	(685,90,5,1499091530),
	(686,92,5,1499091603),
	(687,86,5,1499143671),
	(688,86,5,1499143676),
	(689,86,5,1499143684),
	(690,86,5,1499143692),
	(691,86,5,1499143717),
	(692,86,5,1499143723),
	(693,86,5,1499143731),
	(694,85,5,1499144565),
	(695,46,5,1499144579),
	(696,92,5,1499144625),
	(697,92,5,1499145007),
	(698,92,5,1499145040),
	(699,90,5,1499145047),
	(700,92,5,1499145153),
	(701,12,5,1499145207),
	(702,46,5,1499145219),
	(703,18,5,1499145229),
	(704,12,5,1499145233),
	(705,16,5,1499145240),
	(706,85,5,1499146901),
	(707,86,5,1499153190),
	(708,86,5,1499153406),
	(709,92,5,1499153683),
	(710,82,5,1499164621),
	(711,82,5,1499164694),
	(712,82,5,1499164795),
	(713,82,5,1499164864),
	(714,82,5,1499166668),
	(715,82,5,1499166758),
	(716,82,5,1499166852),
	(717,85,5,1499166921),
	(718,86,5,1499166935),
	(719,26,5,1499166949),
	(720,94,5,1499312425),
	(721,67,5,1499312451),
	(722,94,5,1499312479),
	(723,20,5,1499312492),
	(724,47,5,1499312515),
	(725,73,5,1499312543),
	(726,73,5,1499312770),
	(727,73,5,1499312798),
	(728,73,5,1499312862),
	(729,20,5,1499403035),
	(730,93,5,1499437302),
	(731,76,5,1499782302),
	(732,94,5,1499789082),
	(733,94,5,1499789096),
	(734,94,5,1499789097);

/*!40000 ALTER TABLE `vq_video_views` ENABLE KEYS */;
UNLOCK TABLES;


# Dump of table vq_videos
# ------------------------------------------------------------

DROP TABLE IF EXISTS `vq_videos`;

CREATE TABLE `vq_videos` (
  `id` int(11) unsigned NOT NULL AUTO_INCREMENT,
  `title` varchar(500) CHARACTER SET utf8mb4 DEFAULT NULL,
  `description` longtext CHARACTER SET utf8mb4,
  `content` varchar(300) DEFAULT NULL,
  `uploader` int(11) DEFAULT NULL,
  `timeStamp` bigint(11) DEFAULT NULL,
  PRIMARY KEY (`id`)
) ENGINE=InnoDB DEFAULT CHARSET=utf8;

LOCK TABLES `vq_videos` WRITE;
/*!40000 ALTER TABLE `vq_videos` DISABLE KEYS */;

INSERT INTO `vq_videos` (`id`, `title`, `description`, `content`, `uploader`, `timeStamp`)
VALUES
	(1,'Best Plays','No description','K8g_OnF-Vuc',5,1475581972),
	(2,'Environmental Kills are Fun','No description','2Hm6OL5WaUc',5,1475583781),
	(3,'The Zen Master ? ','fds<br>?  ?  <br>fdsafsa','TquQe7Id9-4',5,NULL),
	(6,'Cause and effect real?','No description','3AMCcYnAsdQ',5,1475793988),
	(7,'Blow Your Mind!','No description','I31pi-6NgqM',5,1475840404),
	(9,'test','No description','OQZKh8Bjdv0',226,1475968575),
	(11,'tests','testa','VXoRbyHmT5E',5,1476355252),
	(12,'Dark Souls Video','','H6hW98hY_bI',5,1476359033),
	(13,'One of my favorite youtubers',NULL,'oItZp9NlXNk',5,1476359194),
	(15,'test',NULL,'_iE1e_FJ2Fc',228,1476449749),
	(16,'Loserfruit','No description','tlKL8sNYb5Y',5,1476450729),
	(17,'Difficult Decisions',NULL,'yac8DQZkhRI',5,1476705296),
	(18,'Must watch anime',NULL,'1B9E8U3rUww',5,1476707205),
	(19,'Final fantasy',NULL,'YtFt5XpaSbQ',5,1476855734),
	(20,'Another LF',NULL,'awNjw4x8rMo',5,1476863153),
	(21,'COOL',NULL,'PFDzr8xF1sE',5,1476863199),
	(22,'louis ck',NULL,'kmzt5sCLw3c',5,1476981236),
	(23,'Pontiff Maximus',NULL,'NcCtiX-VuWA',5,1476981534),
	(24,'Nintendo Switch','No description','PhqRyXEOEJM',205,1478516279),
	(25,'Why will Switch succeed','why','8rbtdehwN2I',205,1478516340),
	(26,'test','No description','j-4rWtIYkZ8',205,1478527578),
	(28,'Zucker','No description','bkHzvEnFsZ0',205,1478527794),
	(30,'check this out again!','<a href=\"http://www.facebook.com\" target=\"_blank\">www.facebook.com</a>','IrfWGJukQ78',205,1479656788),
	(31,'Amazing scientist youtuber','How do you make a watermelon with no seeds?!<br>Facebook: <a href=\"https://www.facebook.com/BiteSciZed\" target=\"_blank\">https://www.facebook.com/BiteSciZed</a><br>Twitter: <a href=\"https://twitter.com/AlexDainis\" target=\"_blank\">https://twitter.com/AlexDainis</a><br>Google+: <a href=\"https://plus.google.com/u/0/b/1080578\" target=\"_blank\">https://plus.google.com/u/0/b/1080578</a>...<br><br><br>Sources:<br>Watermelon Genome:<br><a href=\"http://www.nature.com/ng/journal/v45/\" target=\"_blank\">http://www.nature.com/ng/journal/v45/</a>...<br>Great NPR Story about Seedless Watermelons:<br><a href=\"http://www.npr.org/blogs/thesalt/2012\" target=\"_blank\">http://www.npr.org/blogs/thesalt/2012</a>...<br>NC State University:<br><a href=\"http://web.ncsu.edu/abstract/science/\" target=\"_blank\">http://web.ncsu.edu/abstract/science/</a>...','yvy1xA2RwxM',205,1479883967),
	(33,'Q & A Number 1!','Let\'s add some description to this video...','dVjV0cdjcAM',5,1480038567),
	(35,'The flaw','The flaw which allowed the Allies to break the Nazi Enigma code.<br>First video explaining Enigma: <a href=\"http://youtu.be/G2_Q9FoD-oQ\" target=\"_blank\">http://youtu.be/G2_Q9FoD-oQ</a><br>Extra footage: <a href=\"http://youtu.be/BdrrJ7qd4HA\" target=\"_blank\">http://youtu.be/BdrrJ7qd4HA</a><br>Brown papers on ebay: <a href=\"http://bit.ly/brownpapers\" target=\"_blank\">http://bit.ly/brownpapers</a><br>Periodic Videos: <a href=\"http://www.youtube.com/periodicvideos\" target=\"_blank\">http://www.youtube.com/periodicvideos</a><br><br>This video features Dr James Grime discussing Enigma, the Bombe and Alan Turing.','V4V2bpZlqx8',205,1480088202),
	(36,'Encryption and HUGE numbers - Numberphile','No description','M7kEpw1tn50',205,1480088311),
	(38,'test','Professor Edward Frenkel discusses the mathematics behind the NSA Surveillance controversy - see links in full description.<br><br>More from this interview: <a href=\"http://youtu.be/1O69uBL22nY\" target=\"_blank\">http://youtu.be/1O69uBL22nY</a><br>Professor Frenkel\'s book (Love &amp; Math): <a href=\"http://bit.ly/loveandmath\" target=\"_blank\">http://bit.ly/loveandmath</a><br>The NIST document: <a href=\"http://bit.ly/NIST_numberphile\" target=\"_blank\">http://bit.ly/NIST_numberphile</a>','ulg_AHBOIQU',205,1480088456),
	(40,'test','No description','xHIIizHw85U',205,1480090049),
	(41,'Newest Dragonball Z Abridged','No description','uNyAfXOTG5A',205,1480121023),
	(42,'Dark Souls 3 By Lazy Peon','No description','j6N3yUuXRRA',205,1480121083),
	(43,'FFXV','No description','ODEWcGdOp4g',205,1480622019),
	(45,'test','No description','ADT1imaYZW0',205,1480688893),
	(46,'Why Dark Souls doesn\'t hate you','No description','g4tqmo_mF5U',205,1480734334),
	(47,'The last of us 2','No description','W2Wnvvj33Wo',205,1480833968),
	(48,'MVC','No description','tpQ_l1XHL_g',205,1480867325),
	(49,'이재명 시장','No description','2awkwWmE_U4',205,1480900274),
	(50,'Teenager brains','This is a brainy description','hiduiTq1ei8',205,1480923085),
	(51,'BloodBorne','No description','xksTdvvtN2w',205,1480989488),
	(53,'Breath of the wild lets play video','No description','Na1cIOmfBlU',205,1480989798),
	(54,'Breath of the wild towns and villages','No description','8zWan118_CM',5,1481094754),
	(55,'Socrates','video about the philosopher','fLJBzhcSWTk',5,1481225097),
	(59,'Awesome ai','No description','dcZvhP-IqY4',5,1481275376),
	(60,'This guys a racist?','No description','QGX2mJ6IbS0',5,1481289222),
	(65,'test','No description','Ym6whrAw8wU',5,1482629072),
	(67,'Dark Souls 3 DLC2 ► Answers in The Ringed City','No description','iACGyZiK27I',229,1485257393),
	(68,'Task...','code:&lt;!DOCTYPE html&gt;<br>&lt;html&gt;<br>&lt;head&gt;<br>&lt;title&gt;Hello World&lt;/title&gt;<br>&lt;body&gt;<br>&lt;h1&gt;Isn\'t today a good day for fishing?&lt;/h1&gt;<br>&lt;p&gt;Lets See our Life style.&lt;/p&gt;<br>&lt;font size=\"10\"face=\"arial\"color=\"blue\"&gt;<br>&lt;b&gt;We always work very hard, we never had freedom.&lt;/b&gt;<br>&lt;/font&gt;<br>&lt;h2&gt; What Do We Do? &lt;h2&gt;<br>&lt;ul&gt;<br>&lt;li&gt;Work&lt;/li&gt;<br>&lt;li&gt;Eat Lunch, Supper, Breakfast, Doritos&lt;/li&gt;<br>&lt;li&gt;Sleep For only 5 hours&lt;/li&gt;<br>&lt;img src=\"data:image/jpeg;base64,/9j/4AAQSkZJRgABAQAAAQABAAD/2wCEAAkGBxQSEhUUExIVFBUUGBgVFRgUFxcUFxgYFxcXGBUUFBQYHCggGBolHBcVITEhJSkrLi4uFx8zODMsNygtLiwBCgoKDg0OGxAQGywkHyQsLCwsLCwsLCwsLCwsLCwsLCwsLCwsLCwsLCwsLCwsLCwsLCwsLCwsNywsLCwsLCw3K//AABEIAK8BIAMBIgACEQEDEQH/xAAcAAABBQEBAQAAAAAAAAAAAAAGAgMEBQcBAAj/xABEEAACAQIEAwUEBwUFCAMAAAABAgMAEQQFEiEGMUETIlFhcQeBkaEUIzJSscHRM0JicoIVJEOS8BZTc6KywtLhNESz/8QAGQEAAwEBAQAAAAAAAAAAAAAAAAECAwQF/8QAJhEAAgICAgEEAgMBAAAAAAAAAAECEQMSITFBBBMiUTJhFCNScf/aAAwDAQACEQMRAD8A0s4wOGspJUkfCqXjCUx4bUNj4VaQyykPpQKbkC/XwNVHHqn6Jue90HnUgBmEkZoyREAN9/GrzhaRjYdkQN9/GqPK4ZuwJdhp8OtE/DAl0C9tO9vGrXkkF86nXtnUq2x52Pypzh6aFcQuon33tTmczSCZ7R3AOxuKRlUJmcrosT41fgR7iyZGlYp9nbcctqjcISFcUhB2NwfQ0jMcI0WpGHLeomUuFnjN7EMPxrReCJdGxqlzWfe1PCGMpLfZ+58L1oK/lQX7WCDBF5P+VazMMT5MtMhrYfZnOWwoLG5uQPcax8ha1/2dppwcfnc/M1MEaZeguCBgVPI7VhvFcapjJlGwDWHwFbknOsB4zYnGTfzflSmPEybkOSviTZOQO5rWuGstWCMKN2/eNBPsmxFxIh5jcVo0S2NXGMdTLJOSlRYg/Vt6VmMn7KT1P4mtIv3W9KziUfVS/wAzfia486pnb6Z8AHLzPvrSPZpJfDuPBz+ArNXO5rRPZa/clHgw+YroxvkwzL4hwGtXpOdck5ilSVszlh2IpQWk1KQ2HKs5yo3jFMizN0rjC6kUmR7muwSb1bXxZjF/MjCFUADfE71OxDK0duYtUfiAfVH0oVwWZPHc/aHhevNPRYSRQJYKARUpowtgOlV2QZm8wLPFoA2F7b1Od967PTx80cmeXiyagvG48qqcbl6tBp0i9qscLJdGtzFL03TfwrL1C+Rth/AA+HIBA7KwufH8qLsHZ77EW8aH8uwmuZwTbc0RZdAULgsTytejFL5ULKlqyQFpMj045qPXcjgZMRCQd979Ko+NYFbD2Y+h8/Gp+WYNo+0vIXLMSL9LnkKicYlfoxDjY15h6YB4XBaYSe1Lc7DpRJwjBIEu73HQeVDWDihWJirXO/WinhfER9moD3PheqXkAczqKXtXIZbX2FSuFUcTAtb3GoObwH6Q57UgX5VZcMJ9aO9qqxDHFyXd2vyttQnFKLqSN7j8aK+LpSrutuY50LorbbA1aJZs0O6qfFR+FBvtST+7KfBxRdl0mqGI+KL+FC/tONsMP5hW8ujlh+Rkl/Ktt4Mg04OEfwKfjvWKkt4VuvC//wAWK/MRoP8AlFKBrlfRbI29YDxmf75P/P8AkK3ZDvWE8ZJ/fJ/5vyFTlXAsHZP9nGY9jjFF9pAUPv5VtkZr55yGXRiYW8HX8RX0Fhpgd6rFbiTnpSRLlNlPoazmT9lL/M34mtFxC3QnyrOZP2UvqfxNcvqO0dnpemAUnM+tHnssm3mX+VvxH6UAFjc+tF/s3ktiHHin5itcX5IyzfizTmO4pwm9R4jc1LjjroyOkcmLlnVjFLmkA28acW1RWjBcG/KvPlNtnfGKGpABUKSQruOlSsce9YUmaGyE9bV6EWteTz5JqZSYnPO2jZSpB5VUYRefupeGF9XrTmGHl4V51cnop8WEkE1lCjpXpGvUTBLyqyhgua9VRUFR5cpOTJOBi+rbzp3Dx6UtzpUERAalx/Zrzs7uR6GFVFELD4FUYsBuakrGdzXXB6V1pbbUYV8hZX8eSPPSUSwvTpG96RI9gTXb4OFrmxWImVELEbczVbicbDJAzvbsxe9x4etWuLm+rLaL+VUeaSg4SRmiIAB7tr393WvPPTBzF5jgTG/Zab2PLnSeDpsJsEI7Te/j51RwYiNlOmBlv1KaalcGtEs+kR9+xJOk/wDVQIt8ZkeHmmf7997E0/wzgIosRpU3I871Y4eVTMwEZB6m3P30xlYQYk6V36m1UgKTjsAzMBsbUKLCwtpa9FfGR+ub0oWwajezb1oSapw1ITBFf7ood9r02jDJ4lwKKuHMNphjHgooN9tn/wAaL/ifka3yPg5cS+RmEE2rrW8cMYZkw0eq/wBkCvn7JSO3i1cta3+NfT8IHZLbwFLHKkXmXNEQJY1g/GTXxs3835Ct+K7VgfGAH0uXx1flSyvgMBXZXEzSoEF2JFgK3nJYHWNNf2rC9BHskyMFmnccu6l/mauvaXxb9Aj0xEdvMDo5fVqNjIQfPYeJv4GqhLWBOVbzpBbmuaRQRntJVQkbAm7H0Ubmsuh4iwziRO1AYk2DArfn4ighZ3NpHd3aW9yx1FvM33BFNY3SGJk5i2wNjbyAO4+Q99cU5bs7scdFwWeKkUE28TVxwPmATFLt9oEUHYfMdXdO/gTzt/FV5w9NpxMR/iArbE/kjLKvizccNzqxi61Ewse4PiKeXr61p6p8HN6ZciMOSZD5U/HAAxPjTWD+2aljma4UdrKzGjv07L+zPpScUO/Sp/2Z9K78T/rRxZF/YwJUfat405g/0pCfvetKwDC/w/GuO+Ts8BRgsNsDVnh4rXpjCYlSFAqVJysK7pSbOCMRyMgg1xiAtyaTAoVDekizp5GuTL2dmP8AEYkmU6bHnSyRrt5UhMMo07cqdnj3BpYpVLkMkXKNIala5sKjzHktWERsapM7xgSRduddUcsTmeGRb4zX2R021+fK9VGOaUYVyygvY2ANgfDc1dY6MshCtY+NVOaYeQYVwH79jYne3urjOwCZBiQg7SJVB8Gvb9aVw3JJ29uzstvtXG59Ka7HE6frJlcDoFtT/D0cv0jdl0W2Ft7+tV9gFEJbtGuoA6GomWlziCNNgORqeoOo96msmU/SDcg7HahCBTjAHtn9KG8psXA08yB86J+NB9fJQpgZ2DXtyNxWpD6Nty0gRqPKs19uD/VxAfe/I1QzcX4mMkqw94pnjTMnxGEidzdiQfLlWkpR5oyhjknyCWSTok6NJ9lTc/lW8ZZxrhXjsJFBA5XFYBgYdT2p8RWdlHQ1MMlKmismLZ3Zv+H4ow7m3aC55b1j3FyF8XKVBIJFvhU7hLJmMis9EONwa9odhU5MqfReLFqWXCvE2Hw0CxudB8wefrQ1nOQHNTJjFlAaQsIIzteKIabA3vc21crXYg+IYznLNf2egJ2op9nTI2EgPZkPomiDEHdFkIuDyU94eF/O22OfM3FUbYMCUm2UnBPBkkmn6TE6qLgHUBqF7gc/M9KvuIuAMPoOkspG9iQQPlf50XFVEejdbCy2Ph5mg2TKMzZpGE8Tw7kCRjrAG4Gy38q5XJs64qjLc3yVsOw2NywA8CCDuPhUrAvodG6KwPwNKxOYyTWaUbj7I8ALj9aaL1147Ss5MtNtI+icFIGgjkX95QfiKXDuD61XZPhWTCxXe+w26b9Ks4eRp5JN9mcIpdHMIPrD6VJA3NRcN+0PpUu+9ZR6LYPZ/mBicEdai4fM2lU32G9I4zABUmomSm6t76uM3VEuCuyLhz9r1pzCjn6U1Ad29aew35Vmygsy9e4u1WiLVXgR3FtVpHVWxUR8W1hTsQ7tR8xYWO9LwZvGN70MD0oO1qXMp2pqU2tc9aekcbUWHgatvzoc4lH1iUSW3PjQ3xO3fTakxoJmsU2NVeexD6NICxW4O4NiPO9WRkCqNqrOJpIzhpO0tp0m9/C1UIz6HBRoNsQ78ti4NS+H8MBidXasdvs3FufhVVhBgucQF9uQPjVhk0mHXFbW7TT53tc00AVQwKJWIYknmL1zJIQuJY6iSQdr8qRBj49bADf0r2SYhPpRAG9j0poTB3jX9vJ40JYJCLnVei3jY/XSUN5PlTy37NGN+vT41oSUGYk96pvEG2Bh/p/CjHA+zd5DeZ7DwX9aI5uBIJEWJrlVtb3VLkVRinDeXySygqpI33owwnDfZszuPM32A9TWk5TwjFhl0xC3rvWZcc57rxDRoGMUZ03FgGYbM1jud7gennRVgi5wOYQIwvNGoH8Qr2MxkZa4lQhuRDA3+FZ/jmFgRyNV8hJY6diOR8xuKNEVtyHs2bKrEobnlyNh5nxFaEWEUa25Rjew5+LWHrf3msXw+JD+8b1ruExIlwccnPVGA3qO63zBolh3hUeyoZNZck04kMpYG+22nc/00MZ/nzYOMBC2qTUHWW1u8PtE6dyOVla3OhjD8UHBSkL9ah3ZTcFSeajpcXHQU5lWc4LGZgr4kx4dE3tIzfWMPsozfZAvubkeHWuSON3dHV7iSZDwGVuyveF79O6Rf0qEuQ4g/wCA/wAK+hIIY2GpdLA9VsQfeNqeEK+A+FdKdI427YFcNTzdjGksbArtv8jRZCTapegeApuAc6T5EhjDodd6lBaVavVNAUHEGWPMRpttUbBZO0am550TkU1iRtTQ7BeDIhc97n5VLh4et+9V0cMpANt66635m1KhCMPhdKgX5VKFRoVK8zepF6BkbG4dTcnrTmFhCKAOVexB2paHamI46A866bfCvFqSWFAHGa29MSxKTcilyPsaYmk7vPekBWZJm5mVbjYgU9xMyrh3uL7HYdaoeEA30dQbALax9KZ4jxzMWVSCF6VLlSsAXwuLCXBS1z5fOrXI8wjOIC6Ld3ntbmaosNhpJZAxS6Bu9ao+cy6cR9VfkALc7+lG71uhGjJio3kKra4qZkcRacnRYAHfxrPeFExKz6mgkOrqVNa1kmFa1zt5UlOV00VSasrv7FjlmdnAO/XerjDYVIxZVA91VquRNIt+Vj8aldk/nSnmcXVMqMFXZP1io6yjUajHBsfvVFlCqe8bWFzfa3mTUe+6/Fj0X2d4s4iXBYcyHdmOiMeLkEgsfAAXNYBmGOUlmMmpmJLX3BJNyfEc+lXnFWdfSsQxB1RqSsQ3tpG2odBc7n1t0oZxOWBtwCCfE/rXZC9bZm+yNNmykgaTYG538rUmDFqT4XPXzphsnlLEAAeZP6XpxMlcfaZB72P5U+QLHCG2kj31onBGciPCYnXqfsW1pGoLMwdSdKgb/aVjf+KqPh72c4h1RmxESKyhwNLu1jYjY6bHetA4c4JiwzFjK8hcAG4VF2IbkN+fnT92OKVSH7bmrQOZ7wyZm/ucAkOI+teRrxqv/Eb8FF977c6z7MOCsTCSJNHmVOoX69B+FfR3bpGoClVAG3QD3CgfFYiOUsJnwr9795CDv0N1Nh51zz9RJ8I3hgXkBeGMlxWFKyYbEsjbEqp0xt4hkIIYdNx8K1bKeJMQzIk8EYvYFkdjv4hCvLyvWd8OZlAkpLTIqN99wNJF9hc8rURxcTQti8NBBIkryublSGVVVWZtxtqNrAefpT5aIkoxYftmAppcwA61T4nKWxDg6jHboOtR8z4aMhv2zDTttaojizuPNWRKeNMIDmy+PzFJbOF8R8RVRhOBkZbnESe4i34UL8S8IYiOYLDiGKkX3Cki3nas3jz32i1PE/sPDnafeHxFV2d54Owcq2+wBB3FzzHuvQ7wlwPNKJDiZn2NlAsvv2FUua5ZLhXmRpGZLHQT7h/3/KiMMqktnwDlDwikHFWNHLFTf52pGJ4pxrrpOKlsfByD8RuPjUNo6ZkWuozJycX49BYYuS38RD/NgTXP9uswH/2n/wAqf+NVMi1zBYQyyxxLuZHVB/UQPzoA2vIc9MkEQkfVL2amQ2AuxA1ctufhT78TIuxbltyqm4e4GEGt7uTa25PTyJqVk3BsCuzSpqLsTc3PPpWHsSnHiRbyKL6JEnFkY/f/AAqO3GMf3/mKvJ+FcGB+xT4XqHg+FcFqs0EfvUUv4U/9k/yI/wCR7KsccQmtG29RUl4H+986ssLksESFYkCDnZdhVHh0aS+52JHwNZfxJ/6NPej9FRmQYYcRYfZlIseWw86g5Hk7lj27Wv58zRXPhwOlNNCvhWkpU+RaJjmT5VDErKGFj4nxqJFw/ho51lsCQT586kJCKcMAvVRzXxQvaReDFxDkBXhmiX261VwwdK68AWr3Ye2QcJIyYiRz3lY39PKr5s0W4taqZ0vbzp2KLTtzqfdYPEu7LHCZ4CSrIRY7G2xFZt7ceIGWGKOK69sxDt/CgB036XLD4UepGORoO9sGQtLgC6DUcO4lNueizLIR6BtXopqozbYnCvJkGV5otgjC1thVwZR0PvoG11MweZMm17itkyAp1AetcxCjQ3obn3cwKo/7Y62BI8f9WNIlztyLAKOQvuTtyPyp7IDX8DxYvZq52ARFPTvhQXFz06eoNMYn2lxKyqF3t0u1/faw+NZIcwkfZm1XNyABa/jar/hjAdpiIhIBZu0262ETm/xtU5ccck9jSGRxjqGeL9owI7kbav4gCPxrPM44gkmLgqq6iQxtdj4979BV/juHiCdHw/Sg/MoSkrKRY/8Aqp9qMQeWTItE/s6njjxySyi4iVnQXI+s2CnbwBOxoYNdikKnUDYjre1WZPo+sMAjyoJBYX3FRZGI1aiBa96b4ZxmrLoJVlVFaNW1NbkR1v8ACoOJhknvoJiT96Z177eWHhYbfzsLeANG1Ee3Z7D56Rsti1yQN76QftkdF8zYGoWJ4rUOdY35AjfbzXYj50xmCJEjJFdF3Lu3fZ28WZt2b1rPszzTW22wG3mT60tmxrFGJo3CmeYieZhGSYwt5Na7K5J0rG2xI02Pubyqs45djJoY3IAv6/aPyKVc8CYiHDwqpdQ5HaSkkWBPIE+Ciw+PjQ3xNjVkxRa4s4JTpdRJIqt71Ce61DTKXdgzLh6hyRUSthr1X4rB1JYPyx1acEELjonNvq9TC/K+kqPmw+FXfCuBgZpDiVuoXSvkzXtb4CpGT5JEuZFHjHZKqkA3bckAXtYE3J+FFia4NOTFu8eqwta9QsJmTNcaCLeINIyOIxCSMsSNV1BYtYeVwLem9XMsyWA2ueW4qtq6MXH7YI/7SM0pjCNcG19LW9xtUyOd2uyg3G24NF8WCAHIXpz6N5VW7+yfZ/YBSZvOCVPK29gf0qfhMW+gFEJB9xosODHgK6uGsNgKlybGsTXkHMTICtQsRiUjRpJHCIg1OzcgP9bAdSaZw0uq+1gNySbAAbkknoBvesi494sOLk7OIkYaM93p2rDbtW8vujoN+Z25pYtpcnZvSDOL2o4UsQYp1UGwbShuPEqGuPSr7L+OsvkIP0lF8e1DRn/mFqwOnErRY4ronZn0knEeEO64qA+kqfrUfFcTYQc8TF7nDH4Lc18+wqCeVFPCWTHEShF28W+6Orevh5kVWqDY1TJ89XEl+yjfsk27RhpDN1VF5m3Um1vjawnxaRqzuwVFF2J5AeJpqHLlhRI0FlUWAH+ufWnGwoIIIuDsQeRB5gjrWLXJa6FJiFkW6OGB3BUgj3EUzHmTq2k7is04lwWJyiQyYRyMPIbhW76o3WNgenMqedtulVA9q2LH2oYG9zr+DVWj8MW6XZqE+Q4SR9ZweHLXvcxIST4k23rI/a5m6TYsRRqtsMvZsygDU7EFht0XYeuqn5/azjD9mKBPc5/7qAnlJJJ3JJJJ3JJ3JJNXGLXZEpJ9CQL0oggcqSWPjXla1aEDsMrA90m58Nz7qJsly/GK4mP1WzAPOyx2DCx0o5vy8BVDDidO6d302Px51xscefPz5/OhWhqjTMHnCIPrG7dh/ul0D0JYgH1FqWMlwWYSFnjnw7mwLLNBp9wZjf3Cs0hxcjGyjf8A141aQy45d0VmH8A1fIUcjtGsYf2UZbb7WIlPP9vGP+lBV5gPZ/goiGjwkSEWIMmrEMLdQHYqD571lmC4kzCw/umI1DkywyfgFrQeE+MsSwK4nBTrpF9Sxspb0VwB6i/hU8gEWYLDBoDSWkewWSXvW0kcl2VD3gNgOYqRPxAinQUd3tzWNyp/rtpHvNDua8R4LE6UlMsTK1wJk0DzvpubcvhSsHwzHOO7jGKEAdmsj6L9dm5jyrgzvIp8J1+jsxezqt20/wDhZ5y2GYaZkj7wsAToOojYahYA++sYznBy4SYSmPtIddlLBiuobiOQgjf8betarmXDSyMsLThr2Zu8LbG9ymmxJ+9zohbBYVYTDPJC8bABkchgQABYgnfkPPYU8DyqfKdP7M8rx1UeSl4a4TgmUO6spKKXUPfSzC5W/W29EuP4Vw82nWHuqhQQ1iABty51HyefD4c9nE0jK9gobUyqFXYB9Ow/mPvq5xGPjVblh7u8fgK77Oaq6MvzXLuxlZL3A5Hy6X86hPBel8V4N8ZijIomVLIijQ47oY6jfQeYJtUWLgVzvqPI21Hl4EjTc+lSNhDwrhQqSGw3YD4CpuVZG8k5bYWVAx8g7MOXW1vhS+Hcm+iwFLc3ZzbU3Pbna/SiPJHVAxNxfSN1PS/l51nH8im/iNvhSkhFx9kW9Cbc/WosnD/1qzGQ7EHTsBUjN5VlYBdR08+64HuNt6g/RWO1mI/qtWltdEaRfLC5TXdVDUeGkH3/AImmcRhJyRo1jx3NG36HqFd64TtQh9AxfRm/zf8AukHBY0cnb/MKW/6Hp+wf4qjadThEYhNvpci9RzGHQ+exY+Fh1odbhzDqtlhT1I1E+pO9WkPE0ZPZyKVNtRKXkQltz3wL3v4irJJIWFwwNaLgm7M3znh6MAlRoPly+FCxj0mx6Vq+Y9g4ID0H4zh7W40Ou5oBFPl0GpvKtE4BzaPDu0RW7SWN/IDkPeaHIMp7A6CwLGrXPIVighKW7aIliR1FySD7ql9UXFc8moDFazflanlkFqEMv4lQwRuRuy3ricUxk87Vk4SNLQUZpgknieKQXRxY+XgR5g7181cQ5c2HnkhbnGxX1HQ+8WPvr6Biz+Jxs4vWV+1eFTilkH+JGL+ZQkX+Gn4VULumZzRnumlrAalKgFNzS2rajMjSR2pulM16TUgKRrVo+WcU4eLDRIp0lUC6SDzA3JNrXvc++s5RacJ6VSYFrnGdPK9wbCo8ObSL4H1AqCK7SsAiwXFLLzRfcB+lX2C45A/h9Nqz+vU9gNNzPjCLFBRiCJQlyofcC/O3wqCuc4Zdo4kB6WFAa1Z5NFGz/WsyJ95BdgfECxotfQ030aTlfLUyqb/eUH5GlHMtDd2OLY/7pP0q8yrC4WWJTDpdQAt7sW2H71zfV61bYPJsKF3gUnzufxrF5LfRvGKSHuE+JoZCFdESTxAtf0o2DBh4igkZdhhyw8Yt/CKyz2p5nNFjlSKaaJDCjaI5HRb6pATpUgcgKalZnKK7PoUwJ9xfhXuzQfup8BWX8LRmTA4ZiSzGO7Fu8SdTXJJ3JqyTLh+9Gh9UU/lUudeBrGq7D4TIOqfEVz6XGP30H9QoJgRY9lRVv0VQLn0HOriPWV/Zv/lP6U1J/QnBLyXbZjGP8RfiKSczj+/8Ax/AUGcQ46eGMmLDSTOTZVAIF/vOx5KPLeszxWBzPFsTNJIg8DIMNGPJI1OojzNUmxUjeMRncSC7OQP5X+QtvVJN7RcuUkHFLceAb9KxLAcJTYjVZpNrXLycwSdgGIv9nl6VLPs6kA+29/5YiPiZhT4QUa4faVl/TEofVo1/6nFdT2g4Nvsvq6XVomH/ACuTWJT8N42C5WIuo/gikv8A0gtT2FmCwvPisNBpjYJGBCkckkw3CXUAhV5sbctuZpqhNApDnMy8nNS4eJpl689qpK9QSXMefN509HxCwIPhVDXqB2EeM4jLsG6ik4/iNpefpQ+K6KYWEH+0RCKovZRaoz501VNeosRYnN36G1Mz415LamJtyqLTsYpMB+CIsbVZtw4WF6mZDg+pFEgYCmaqBn2IyORel6hvgnHNTWmHSelRsThEYHagNEZy1cFTM1w+hzUOkZHa9XL16gDteFerwoAcStW9nvAeHxOG7XEB7vfTpdksOh2NZWlatknHrwwLGuHSwFvtt+lJxb6Gq8lTljPlWanDM5eGQqqk8yjm0bHzB2Poa1WJjc1i3FucnFYmOYoEKqB3ST9liwO/rRhHx84/wEN/4z+lKWOTLjOKD6JztfqbVkftlitmEfnh0/8A0mohTj5trwKd7/bP/jQX7Qs9+mYmOXsxHpiVLBtXJpGvew+98qSxyXY5ST6NU4IIGAw2++g/J2p/ifiEYOEyNuSdKDxNBXDvFCxQxIysQgI2695jzv51S8cZuMZIlgyoosAT1JFz8x8KFCVhtGgl4aizPHf3kYj6JE32SqhpGHigPIefyoviyzGKLf2piCfFljP5UO4X2gJHGqLh2AUBR3gNgLDpSJfaEDygI/rH6U2piTiVQ4xzA4loUxzlRiOwVjGhJGoqz8uljRdmGHx6xtJ/aSPpGrS+HG/gLhtvhWUZFj+zxEUrLqAkeUgG1y1zz9T8qL88447TDSxpGY2IWzagbd9L7WptSEmhzCQY3Ex9qDh2F2AuGQm2xIIU23/CmngzCPcwOR4xSLIP8pN/lTeS8Zx4fCRxGMs4DHusDcsxa527o39fKrHBe0dQtnw7at/ssLWvtz8qhqTfRamq7KiTi6RFZHBjcghWkQoQfEX2NBnEmJaeUEIVij7sag6gqk3LM3VmPeJ6k1pU3H+HddMmFZx4MUb8RScNj8DJg5UjRYC5ayAAtc8jt0udvCrSa8UZyd+TE69Xq9TJO12k12gDoNdvSa6DQAqug0kGu0AKqXl63YVDqyywhW1fd3+AoGgmgmCC3KnP7QXxoZzCQ6NV9zVQcQ33jQVuHn9or41z+1UHWgQTN4mvGQ+JoDctM9nDtcVU3rxNcoIO3rt6TXaAFXropApa0AOg0uKZywAdtyBzPU2pluVNxOfeNwRzFqaAP+LsmigmiEYYKySEhmZ91HTUSRQ9mmVYyAa3V+zO4dTqWx5XI+z77Vf5hmv0yHCyEWdRNFJ0uwQHUPI7H30eZRJqw8V1B1RqCO9v3QDfvUWBiAxsn32+NdEzMbsSbbb++iHjzhwYWQSRACKQmyj9xuZUXN9Ntx4fCqbG5Y8HZl7fWoJVsb7EHY+e1KwCDJeKIYV7KfDhwtyrKAW33IYHnuedR8zx6M5nSO0epSqHa4AvY28bfOhvEnf3CrjHNbDKvix+WkUwImLzh3csLRg8lUCw9CRc0iHHyFgC9xfwH6VBvS4juKLYBLlWXNM2lDYhNV7X62/Oms2y6eFfrDdWIUbAb3BG9vKrPgnFBZTcE3SwsQNwQetO8XyO6hCxIaQGxOy2FrL8eZ3N6dMGwSeWROlgeWw5dN6aOYyePyFE80bhQDuBtvY1WTYdeqD/AF6VftyROyKsZhJ4/IVZZFjWMliefuqO+EX7vzruFiCOCL8/GlrIdn//2Q==\"&gt;<br>&lt;h3&gt;Why Dont We Try To Do Something Active At Freetime?&lt;/h3&gt;<br>&lt;img src=\"<a href=\"http://www.scrubadoo.com/scrubs/wp-content/uploads/2013/01/restless-sleep.jpg\" target=\"_blank\">http://www.scrubadoo.com/scrubs/wp-content/uploads/2013/01/restless-sleep.jpg</a>\"&gt;<br>&lt;h4&gt;<br>&lt;font size=\"10\"face=\"arial\"color=\"blue\"&gt;<br>L<br>&lt;/font&gt;<br>&lt;font size=\"10\"face=\"arial\"color=\"purple\"&gt;<br>e<br>&lt;/font&gt;<br>&lt;font size=\"10\"face=\"arial\"color=\"red\"&gt;<br>t<br>&lt;/font&gt;<br>&lt;font size=\"10\"face=\"arial\"color=\"black\"&gt;<br>\'<br>&lt;/font&gt;<br>&lt;font size=\"10\"face=\"arial\"color=\"orange\"&gt;<br>s<br>&lt;/font&gt;<br>&lt;font size=\"10\"face=\"arial\"color=\"yellow\"&gt;<br>PLAY!!<br>&lt;/font&gt;<br>&lt;/h4&gt;<br>&lt;img src=\"<a href=\"https://encrypted-tbn1.gstatic.com/images?q=tbn:ANd9GcRX9RQk6QOuEqTYDxC2U6fwCeBXSrvzIDYX8GJd2pitPncvTUY5\" target=\"_blank\">https://encrypted-tbn1.gstatic.com/images?q=tbn:ANd9GcRX9RQk6QOuEqTYDxC2U6fwCeBXSrvzIDYX8GJd2pitPncvTUY5</a>\"&gt;<br><br><br><br><br><br><br><br><br><br><br><br><br><br><br><br><br><br><br><br><br>&lt;/body&gt;<br>&lt;/head&gt;<br>&lt;/html&gt;<br>ST2:<a href=\"http://www.sublimetext.com/2\" target=\"_blank\">http://www.sublimetext.com/2</a>','AbR50rMOILw',5,1485737188),
	(69,'Upload this next','No description','W608u6sBFpo',205,1486893788),
	(70,'Eric Schmidt on Structuring Teams and Scaling ','No description','hcRxFRgNpns',205,1486897320),
	(71,'Pigeon','No description','L8Y7Q1eja-E',205,1486897632),
	(72,'Emotional Intelligence by Daniel Goleman!!','good video','n6MRsGwyMuQ',5,1486948339),
	(73,'Nioh Playthrough','Great!','FfH0oeuAjaE',5,1487166982),
	(74,'New Zelda gameplay','','HPY_H4uAqlE',5,1487340834),
	(75,'test','','hf1D0giCECw',5,1487341136),
	(76,'Fire and ice arrows in new zelda','Modern versions of assistive technologies will announce CSS generated content, as well as specific Unicode characters. To avoid unintended and confusing output in screen readers (particularly when icons are used purely for decoration), we hide them with the aria-hidden=\"true\" attribute.<br><br>If you\'re using an icon to convey meaning (rather than only as a decorative element), ensure that this meaning is also conveyed to assistive technologies – for instance, include additional content, visually hidden with the .sr-only class.<br><br>If you\'re creating controls with no other text (such as a &lt;button&gt; that only contains an icon), you should always provide alternative content to identify the purpose of the control, so that it will make sense to users of assistive technologies. In this case, you could add an aria-label attribute on the control itself.<br><br>Modern versions of assistive technologies will announce CSS generated content, as well as specific Unicode characters. To avoid unintended and confusing output in screen readers (particularly when icons are used purely for decoration), we hide them with the aria-hidden=\"true\" attribute.<br><br>If you\'re using an icon to convey meaning (rather than only as a decorative element), ensure that this meaning is also conveyed to assistive technologies – for instance, include additional content, visually hidden with the .sr-only class.<br><br>If you\'re creating controls with no other text (such as a &lt;button&gt; that only contains an icon), you should always provide alternative content to identify the purpose of the control, so that it will make sense to users of assistive technologies. In this case, you could add an aria-label attribute on the control itself.','t0N3NMfX0c4',5,1487341413),
	(77,'Flexbox','','JJSoEo8JSnc',5,1487640338),
	(78,'짱구','','obfwuo7ymc0',5,1489412749),
	(79,'Sam Altman\'s Top 10 Rules For Success','Modern versions of assistive technologies will announce CSS generated content, as well as specific Unicode characters. To avoid unintended and confusing output in screen readers (particularly when icons are used purely for decoration), we hide them with the aria-hidden=\"true\" attribute.<br><br>If you\'re using an icon to convey meaning (rather than only as a decorative element), ensure that this meaning is also conveyed to assistive technologies – for instance, include additional content, visually hidden with the .sr-only class.<br><br>If you\'re creating controls with no other text (such as a &lt;button&gt; that only contains an icon), you should always provide alternative content to identify the purpose of the control, so that it will make sense to users of assistive technologies. In this case, you could add an aria-label attribute on the control itself.','iRLyLQos6FQ',5,1491818260),
	(82,'Live Office Hours with Yuri Sagalov and Sam Altman',':)','abtHadERzXU',5,1492477963),
	(83,'South Park',':)','ZrU_tt4R3xY',5,1493012113),
	(85,'Opening scene of the social network!','I haven\'t been able to connect to Twinkle MC World for past few months because I was too busy coding this website! Now after rolling out some big updates to our website, I revisit our beautiful Minecraft world to check out all the new things that\'s been added!!! ? ','puLkiAvTDqk',5,1493357115),
	(86,'HYPE AS F**K - Hyper Dragon Ball Z: Goku Arcade Mode - A really awesome gameplay video','','xC5FcIh4-Y4',205,1494763058),
	(87,'Node.js & Express From Scratch [Part 1] - Intro & Environment','','k_0ZzvHbNBQ',5,1496073824),
	(88,'New Face - Psy','','OwJPPaEyqhI',5,1496115598),
	(89,'Sony\'s press conference','','mSwjbaKI2NQ',5,1497342678),
	(90,'0 hit run entire dark souls 3','','z5XS-dfx0lg',5,1498106581),
	(91,'What Makes a Weapon Inhumane?','','ET2eDuUVlxk',5,1498471305),
	(92,'Is Hyperloop Really the Future?','','bfO__Dtd3kk',5,1498471934),
	(93,'Einstein Documentary','','NyK5SG9rwWI',5,1499237973),
	(94,'The world in next 50 years & what we could do','','KhtNNQk8lZw',5,1499237986);

/*!40000 ALTER TABLE `vq_videos` ENABLE KEYS */;
UNLOCK TABLES;

DELIMITER ;;
/*!50003 SET SESSION SQL_MODE="STRICT_TRANS_TABLES,NO_ENGINE_SUBSTITUTION" */;;
/*!50003 CREATE */ /*!50017 DEFINER=`root`@`localhost` */ /*!50003 TRIGGER `vq_videos_after_insert` AFTER INSERT ON `vq_videos` FOR EACH ROW BEGIN

INSERT INTO noti_feeds (type, rootType, contentId, rootId, uploaderId, timeStamp)
VALUES ('video', 'video', NEW.id, NEW.id, NEW.uploader, NEW.timeStamp);

END */;;
/*!50003 SET SESSION SQL_MODE="STRICT_TRANS_TABLES,NO_ENGINE_SUBSTITUTION" */;;
/*!50003 CREATE */ /*!50017 DEFINER=`root`@`localhost` */ /*!50003 TRIGGER `vq_videos_after_delete` AFTER DELETE ON `vq_videos` FOR EACH ROW BEGIN

DELETE FROM noti_feeds WHERE type = 'video' AND contentId = OLD.id;

END */;;
DELIMITER ;
/*!50003 SET SESSION SQL_MODE=@OLD_SQL_MODE */;



/*!40111 SET SQL_NOTES=@OLD_SQL_NOTES */;
/*!40101 SET SQL_MODE=@OLD_SQL_MODE */;
/*!40014 SET FOREIGN_KEY_CHECKS=@OLD_FOREIGN_KEY_CHECKS */;
/*!40101 SET CHARACTER_SET_CLIENT=@OLD_CHARACTER_SET_CLIENT */;
/*!40101 SET CHARACTER_SET_RESULTS=@OLD_CHARACTER_SET_RESULTS */;
/*!40101 SET COLLATION_CONNECTION=@OLD_COLLATION_CONNECTION */;
